[20:58:14] [main/INFO] (FabricLoader/GameProvider) Loading Minecraft 26.1.2 with Fabric Loader 0.19.2
[20:58:14] [main/INFO] (FabricLoader/Mappings) Mappings not present!
[20:58:14] [main/DEBUG] (FabricLoader/GamePatch) Found game constructor: net.minecraft.server.Main -> net/minecraft/server/Main
[20:58:14] [main/DEBUG] (FabricLoader/GamePatch) Patching game constructor main([Ljava/lang/String;)V
[20:58:14] [main/DEBUG] (FabricLoader/GamePatch) 20w22a+ detected, patching main method...
[20:58:14] [main/DEBUG] (FabricLoader/GamePatch) Detected version above 20w22a
[20:58:14] [main/DEBUG] (FabricLoader/GamePatch) Applying brand name hook to net/minecraft/server/MinecraftServer::getServerModName
[20:58:14] [main/DEBUG] (FabricLoader/GamePatch) Patched 2 classs
[20:58:14] [main/DEBUG] (FabricLoader/Discovery) Skipping missing class path group entry C:\Users\Peto\Downloads\chatmod-template-26.1.2\out\production\classes
[20:58:14] [main/DEBUG] (FabricLoader/Discovery) Skipping missing class path group entry C:\Users\Peto\Downloads\chatmod-template-26.1.2\out\production\resources
[20:58:14] [main/DEBUG] (FabricLoader/Discovery) Skipping missing class path group entry C:\Users\Peto\Downloads\chatmod-template-26.1.2\out\client\classes
[20:58:14] [main/DEBUG] (FabricLoader/Discovery) Skipping missing class path group entry C:\Users\Peto\Downloads\chatmod-template-26.1.2\out\client\resources
[20:58:14] [main/DEBUG] (FabricLoader/Discovery) Mod discovery time: 34.2 ms
[20:58:14] [main/DEBUG] (FabricLoader/Resolution) Mod resolution time: 58.4 ms
[20:58:14] [main/INFO] (FabricLoader) Loading 43 mods:
	- chatmod 1.0.0
	- fabric-api 0.149.1+26.1.2
	   |-- fabric-key-mapping-api-v1 2.0.4+e2bdee784c
	   |-- fabric-model-loading-api-v1 8.0.7+c80601bb4c
	   |-- fabric-renderer-api-v1 13.0.4+c80601bb4c
	   |-- fabric-renderer-indigo 8.1.1+1403e82c4c
	   |-- fabric-rendering-v1 23.1.1+1403e82c4c
	   |-- fabric-screen-api-v1 5.0.1+d871b99e4c
	   \-- fabric-sound-api-v1 2.0.4+11a26f314c
	- fabric-api-base 2.0.3+ece063234c
	- fabric-api-lookup-api-v1 2.0.11+d5a053b64c
	- fabric-biome-api-v1 18.0.4+35c80edc4c
	- fabric-block-api-v1 3.0.2+ec56b6014c
	- fabric-block-getter-api-v2 2.0.6+ec56b6014c
	- fabric-command-api-v2 3.0.5+e2bdee784c
	- fabric-content-registries-v0 11.1.1+1a3b26974c
	- fabric-convention-tags-v2 4.6.1+4f11f7994c
	- fabric-crash-report-info-v1 1.0.3+9f78a5a84c
	- fabric-creative-tab-api-v1 5.0.11+d871b99e4c
	- fabric-data-attachment-api-v1 2.2.7+44a0bd1d4c
	- fabric-data-generation-api-v1 24.2.1+73b1f9054c
	- fabric-debug-api-v1 1.0.1+c792624d4c
	- fabric-dimensions-v1 5.1.5+9cbf5da54c
	- fabric-entity-events-v1 5.0.2+e2bdee784c
	- fabric-events-interaction-v0 5.2.1+a67251b84c
	- fabric-game-rule-api-v1 4.0.5+d871b99e4c
	- fabric-gametest-api-v1 4.0.16+867b87624c
	- fabric-item-api-v1 14.1.2+73d134684c
	- fabric-lifecycle-events-v1 4.1.0+6d50a0854c
	- fabric-loot-api-v3 3.0.12+00a1fba64c
	- fabric-menu-api-v1 2.0.13+d871b99e4c
	- fabric-message-api-v1 7.0.5+dae8ce3e4c
	- fabric-networking-api-v1 6.3.1+554860db4c
	- fabric-object-builder-api-v1 23.0.16+b95dd56e4c
	- fabric-particles-v1 5.0.15+b61fef434c
	- fabric-permission-api-v1 1.0.0+f3e738be4c
	- fabric-recipe-api-v1 9.0.15+be4b75ae4c
	- fabric-registry-sync-v0 7.0.13+b61fef434c
	- fabric-rendering-fluids-v1 6.0.1+d871b99e4c
	- fabric-resource-conditions-api-v1 6.0.5+00a1fba64c
	- fabric-resource-loader-v0 3.3.17+4fc5413f4c
	- fabric-resource-loader-v1 2.0.10+7c44c7324c
	- fabric-serialization-api-v1 2.0.3+11a26f314c
	- fabric-tag-api-v1 2.1.1+371cf5db4c
	- fabric-transfer-api-v1 8.0.5+357ea7334c
	- fabric-transitive-access-wideners-v1 8.1.1+7f80f93d4c
	- fabricloader 0.19.2
	- java 25
	- minecraft 26.1.2
	- mixinextras 0.5.4
[20:58:14] [main/WARN] (FabricLoader/ModRemap) Runtime mod remapping disabled due to no fabric.remapClasspathFile being specified. You may need to update loom.
[20:58:14] [main/DEBUG] (FabricLoader/Knot) Adding C:\Users\Peto\.gradle\caches\modules-2\files-2.1\net.fabricmc.fabric-api\fabric-entity-events-v1\5.0.2+e2bdee784c\3f15c7b85c55f03b5d5fa89a48a0eb1dc6461465\fabric-entity-events-v1-5.0.2+e2bdee784c.jar to classpath.
[20:58:14] [main/DEBUG] (FabricLoader/Knot) Adding C:\Users\Peto\.gradle\caches\modules-2\files-2.1\net.fabricmc.fabric-api\fabric-biome-api-v1\18.0.4+35c80edc4c\c82be6aa7922f3212e1bac9441b25a7faa21c057\fabric-biome-api-v1-18.0.4+35c80edc4c.jar to classpath.
[20:58:14] [main/DEBUG] (FabricLoader/Knot) Adding C:\Users\Peto\.gradle\caches\modules-2\files-2.1\net.fabricmc.fabric-api\fabric-networking-api-v1\6.3.1+554860db4c\38ac77944d5e0fc623a163cde9b3eca04f791296\fabric-networking-api-v1-6.3.1+554860db4c.jar to classpath.
[20:58:14] [main/DEBUG] (FabricLoader/Knot) Adding C:\Users\Peto\.gradle\caches\modules-2\files-2.1\net.fabricmc.fabric-api\fabric-data-generation-api-v1\24.2.1+73b1f9054c\45de52728d75071df38ae3111917455049bb1276\fabric-data-generation-api-v1-24.2.1+73b1f9054c.jar to classpath.
[20:58:14] [main/DEBUG] (FabricLoader/Knot) Adding C:\Users\Peto\.gradle\caches\modules-2\files-2.1\net.fabricmc.fabric-api\fabric-api-lookup-api-v1\2.0.11+d5a053b64c\dbb4489647b411352b735654440311d7560dc1f4\fabric-api-lookup-api-v1-2.0.11+d5a053b64c.jar to classpath.
[20:58:14] [main/DEBUG] (FabricLoader/Knot) Adding C:\Users\Peto\Downloads\chatmod-template-26.1.2\build\classes\java\main to classpath.
[20:58:14] [main/DEBUG] (FabricLoader/Knot) Adding C:\Users\Peto\Downloads\chatmod-template-26.1.2\build\resources\main to classpath.
[20:58:14] [main/DEBUG] (FabricLoader/Knot) Adding C:\Users\Peto\.gradle\caches\modules-2\files-2.1\net.fabricmc.fabric-api\fabric-menu-api-v1\2.0.13+d871b99e4c\e59c4c081a5dc1afb27c0167d6e1480c670c4d29\fabric-menu-api-v1-2.0.13+d871b99e4c.jar to classpath.
[20:58:14] [main/DEBUG] (FabricLoader/Knot) Adding C:\Users\Peto\.gradle\caches\modules-2\files-2.1\net.fabricmc.fabric-api\fabric-data-attachment-api-v1\2.2.7+44a0bd1d4c\e41b4f606845fb2154f4234250f88cfaa6166eb5\fabric-data-attachment-api-v1-2.2.7+44a0bd1d4c.jar to classpath.
[20:58:14] [main/DEBUG] (FabricLoader/Knot) Adding C:\Users\Peto\.gradle\caches\modules-2\files-2.1\net.fabricmc.fabric-api\fabric-crash-report-info-v1\1.0.3+9f78a5a84c\8af0277ba9afc03c6882490db447d40d55ebcedb\fabric-crash-report-info-v1-1.0.3+9f78a5a84c.jar to classpath.
[20:58:14] [main/DEBUG] (FabricLoader/Knot) Adding C:\Users\Peto\.gradle\caches\modules-2\files-2.1\net.fabricmc.fabric-api\fabric-resource-conditions-api-v1\6.0.5+00a1fba64c\a8ca3e526e0825ee71a36a317cf5c33f0cda0e96\fabric-resource-conditions-api-v1-6.0.5+00a1fba64c.jar to classpath.
[20:58:14] [main/DEBUG] (FabricLoader/Knot) Adding C:\Users\Peto\.gradle\caches\modules-2\files-2.1\net.fabricmc.fabric-api\fabric-content-registries-v0\11.1.1+1a3b26974c\8761c4bd7f8feb484746055f6ff22e387cd84e9f\fabric-content-registries-v0-11.1.1+1a3b26974c.jar to classpath.
[20:58:14] [main/DEBUG] (FabricLoader/Knot) Adding C:\Users\Peto\.gradle\caches\modules-2\files-2.1\net.fabricmc.fabric-api\fabric-recipe-api-v1\9.0.15+be4b75ae4c\c3510ef358ce97ea4fc804cd2f75f30c574ec947\fabric-recipe-api-v1-9.0.15+be4b75ae4c.jar to classpath.
[20:58:14] [main/DEBUG] (FabricLoader/Knot) Adding C:\Users\Peto\.gradle\caches\modules-2\files-2.1\net.fabricmc.fabric-api\fabric-convention-tags-v2\4.6.1+4f11f7994c\91340fc335b0877d7c9f8c8e41872cb5af1201cc\fabric-convention-tags-v2-4.6.1+4f11f7994c.jar to classpath.
[20:58:14] [main/DEBUG] (FabricLoader/Knot) Adding C:\Users\Peto\.gradle\caches\modules-2\files-2.1\io.github.llamalad7\mixinextras-fabric\0.5.4\5e167154bcb9942111313a5e186e16cd7265f858\mixinextras-fabric-0.5.4.jar to classpath.
[20:58:14] [main/DEBUG] (FabricLoader/Knot) Adding C:\Users\Peto\.gradle\caches\modules-2\files-2.1\net.fabricmc.fabric-api\fabric-resource-loader-v1\2.0.10+7c44c7324c\bb44ca7ae64fe82666c2cd99920cdc017b15f368\fabric-resource-loader-v1-2.0.10+7c44c7324c.jar to classpath.
[20:58:14] [main/DEBUG] (FabricLoader/Knot) Adding C:\Users\Peto\.gradle\caches\modules-2\files-2.1\net.fabricmc.fabric-api\fabric-block-getter-api-v2\2.0.6+ec56b6014c\caabc9eb2f3823864682da5a1c5381a035c00d5f\fabric-block-getter-api-v2-2.0.6+ec56b6014c.jar to classpath.
[20:58:14] [main/DEBUG] (FabricLoader/Knot) Adding C:\Users\Peto\.gradle\caches\modules-2\files-2.1\net.fabricmc.fabric-api\fabric-block-api-v1\3.0.2+ec56b6014c\f5f91f5b317b7acd3014677dd909b55ebc4097b2\fabric-block-api-v1-3.0.2+ec56b6014c.jar to classpath.
[20:58:14] [main/DEBUG] (FabricLoader/Knot) Adding C:\Users\Peto\.gradle\caches\modules-2\files-2.1\net.fabricmc.fabric-api\fabric-api-base\2.0.3+ece063234c\bdf802883d0f9c1034c436367ab2c7e04ce34ca6\fabric-api-base-2.0.3+ece063234c.jar to classpath.
[20:58:14] [main/DEBUG] (FabricLoader/Knot) Adding C:\Users\Peto\.gradle\caches\modules-2\files-2.1\net.fabricmc.fabric-api\fabric-api\0.149.1+26.1.2\f07ace934b02896a8b77727efd03ce2ad32dc5da\fabric-api-0.149.1+26.1.2.jar to classpath.
[20:58:14] [main/DEBUG] (FabricLoader/Knot) Adding C:\Users\Peto\.gradle\caches\modules-2\files-2.1\net.fabricmc.fabric-api\fabric-events-interaction-v0\5.2.1+a67251b84c\cf25f4932ae4d3df49bf5ad0c69be40f8abda289\fabric-events-interaction-v0-5.2.1+a67251b84c.jar to classpath.
[20:58:14] [main/DEBUG] (FabricLoader/Knot) Adding C:\Users\Peto\.gradle\caches\modules-2\files-2.1\net.fabricmc.fabric-api\fabric-creative-tab-api-v1\5.0.11+d871b99e4c\9e6937cef2aa7955d2ff66c9d2415118c58ec15c\fabric-creative-tab-api-v1-5.0.11+d871b99e4c.jar to classpath.
[20:58:14] [main/DEBUG] (FabricLoader/Knot) Adding C:\Users\Peto\.gradle\caches\modules-2\files-2.1\net.fabricmc.fabric-api\fabric-registry-sync-v0\7.0.13+b61fef434c\b7cd637ba58adacb2abfd54f5f438211e5c3210d\fabric-registry-sync-v0-7.0.13+b61fef434c.jar to classpath.
[20:58:14] [main/DEBUG] (FabricLoader/Knot) Adding C:\Users\Peto\.gradle\caches\modules-2\files-2.1\net.fabricmc.fabric-api\fabric-object-builder-api-v1\23.0.16+b95dd56e4c\64b623486a5962dada51cb3e8a114ee49a6ba9de\fabric-object-builder-api-v1-23.0.16+b95dd56e4c.jar to classpath.
[20:58:14] [main/DEBUG] (FabricLoader/Knot) Adding C:\Users\Peto\.gradle\caches\modules-2\files-2.1\net.fabricmc.fabric-api\fabric-rendering-fluids-v1\6.0.1+d871b99e4c\fe53bab501b2a582517f39ede3e1514074e8de7\fabric-rendering-fluids-v1-6.0.1+d871b99e4c.jar to classpath.
[20:58:14] [main/DEBUG] (FabricLoader/Knot) Adding C:\Users\Peto\.gradle\caches\modules-2\files-2.1\net.fabricmc.fabric-api\fabric-serialization-api-v1\2.0.3+11a26f314c\55fc25d96a2a848b93a02f48220dff0181ec3056\fabric-serialization-api-v1-2.0.3+11a26f314c.jar to classpath.
[20:58:14] [main/DEBUG] (FabricLoader/Knot) Adding C:\Users\Peto\.gradle\caches\modules-2\files-2.1\net.fabricmc.fabric-api\fabric-permission-api-v1\1.0.0+f3e738be4c\67222d8951d4e68a26f7e42697ce7fdb3c4e8ce9\fabric-permission-api-v1-1.0.0+f3e738be4c.jar to classpath.
[20:58:14] [main/DEBUG] (FabricLoader/Knot) Adding C:\Users\Peto\.gradle\caches\modules-2\files-2.1\net.fabricmc.fabric-api\fabric-transitive-access-wideners-v1\8.1.1+7f80f93d4c\f2c5df8d0601978094cc557b78b3c5aafcc4f40f\fabric-transitive-access-wideners-v1-8.1.1+7f80f93d4c.jar to classpath.
[20:58:14] [main/DEBUG] (FabricLoader/Knot) Adding C:\Users\Peto\.gradle\caches\modules-2\files-2.1\net.fabricmc.fabric-api\fabric-resource-loader-v0\3.3.17+4fc5413f4c\c2e496d77853c7fd1f2b3bd00b44e355dc6ba576\fabric-resource-loader-v0-3.3.17+4fc5413f4c.jar to classpath.
[20:58:14] [main/DEBUG] (FabricLoader/Knot) Adding C:\Users\Peto\.gradle\caches\modules-2\files-2.1\net.fabricmc.fabric-api\fabric-transfer-api-v1\8.0.5+357ea7334c\2aff9d7c8e917d2a69c71aa18e28c915e0040a8e\fabric-transfer-api-v1-8.0.5+357ea7334c.jar to classpath.
[20:58:14] [main/DEBUG] (FabricLoader/Knot) Adding C:\Users\Peto\.gradle\caches\modules-2\files-2.1\net.fabricmc.fabric-api\fabric-lifecycle-events-v1\4.1.0+6d50a0854c\52281bf82f04922d65a30d3f91975feb00911826\fabric-lifecycle-events-v1-4.1.0+6d50a0854c.jar to classpath.
[20:58:14] [main/DEBUG] (FabricLoader/Knot) Adding C:\Users\Peto\.gradle\caches\modules-2\files-2.1\net.fabricmc.fabric-api\fabric-tag-api-v1\2.1.1+371cf5db4c\f409197a792d47b79650bc993948cb5d4b0300c1\fabric-tag-api-v1-2.1.1+371cf5db4c.jar to classpath.
[20:58:14] [main/DEBUG] (FabricLoader/Knot) Adding C:\Users\Peto\.gradle\caches\modules-2\files-2.1\net.fabricmc.fabric-api\fabric-message-api-v1\7.0.5+dae8ce3e4c\6211835e1348e8b9b89defb98a616adb483b8284\fabric-message-api-v1-7.0.5+dae8ce3e4c.jar to classpath.
[20:58:14] [main/DEBUG] (FabricLoader/Knot) Adding C:\Users\Peto\.gradle\caches\modules-2\files-2.1\net.fabricmc.fabric-api\fabric-dimensions-v1\5.1.5+9cbf5da54c\53c66317546644a3915ec20df2d77f4e3093ffab\fabric-dimensions-v1-5.1.5+9cbf5da54c.jar to classpath.
[20:58:14] [main/DEBUG] (FabricLoader/Knot) Adding C:\Users\Peto\.gradle\caches\modules-2\files-2.1\net.fabricmc.fabric-api\fabric-game-rule-api-v1\4.0.5+d871b99e4c\8b1189ddbfe446bf9468920526ed668db253da65\fabric-game-rule-api-v1-4.0.5+d871b99e4c.jar to classpath.
[20:58:14] [main/DEBUG] (FabricLoader/Knot) Adding C:\Users\Peto\.gradle\caches\modules-2\files-2.1\net.fabricmc.fabric-api\fabric-gametest-api-v1\4.0.16+867b87624c\40afb4470a642c504377becfec8394d4632ba2a7\fabric-gametest-api-v1-4.0.16+867b87624c.jar to classpath.
[20:58:14] [main/DEBUG] (FabricLoader/Knot) Adding C:\Users\Peto\.gradle\caches\modules-2\files-2.1\net.fabricmc.fabric-api\fabric-debug-api-v1\1.0.1+c792624d4c\3e65954340d5153face34ee7d2f9b114271bca38\fabric-debug-api-v1-1.0.1+c792624d4c.jar to classpath.
[20:58:14] [main/DEBUG] (FabricLoader/Knot) Adding C:\Users\Peto\.gradle\caches\modules-2\files-2.1\net.fabricmc.fabric-api\fabric-item-api-v1\14.1.2+73d134684c\cb7fd76b622fbc467cb65f067c212fc256d3809f\fabric-item-api-v1-14.1.2+73d134684c.jar to classpath.
[20:58:14] [main/DEBUG] (FabricLoader/Knot) Adding C:\Users\Peto\.gradle\caches\modules-2\files-2.1\net.fabricmc.fabric-api\fabric-command-api-v2\3.0.5+e2bdee784c\d2bfa62e2f489900be2210dfb84458dcdecb75b6\fabric-command-api-v2-3.0.5+e2bdee784c.jar to classpath.
[20:58:14] [main/DEBUG] (FabricLoader/Knot) Adding C:\Users\Peto\.gradle\caches\modules-2\files-2.1\net.fabricmc.fabric-api\fabric-loot-api-v3\3.0.12+00a1fba64c\58ffa00757774d7060115afa05742753ff26c769\fabric-loot-api-v3-3.0.12+00a1fba64c.jar to classpath.
[20:58:14] [main/DEBUG] (FabricLoader/Knot) Adding C:\Users\Peto\.gradle\caches\modules-2\files-2.1\net.fabricmc.fabric-api\fabric-particles-v1\5.0.15+b61fef434c\e9659d152cefb7255056f432234a11621ab00945\fabric-particles-v1-5.0.15+b61fef434c.jar to classpath.
[20:58:14] [main/DEBUG] (FabricLoader/Entrypoint) Registering new-style initializer net.fabricmc.fabric.impl.networking.client.ClientNetworkingImpl::clientInit for mod fabric-networking-api-v1 (key client)
[20:58:14] [main/DEBUG] (FabricLoader/Entrypoint) Registering new-style initializer net.fabricmc.fabric.impl.networking.CommonPacketsImpl::init for mod fabric-networking-api-v1 (key main)
[20:58:14] [main/DEBUG] (FabricLoader/Entrypoint) Registering new-style initializer net.fabricmc.fabric.impl.networking.NetworkingImpl::init for mod fabric-networking-api-v1 (key main)
[20:58:14] [main/DEBUG] (FabricLoader/Entrypoint) Registering new-style initializer net.fabricmc.fabric.impl.lookup.ApiLookupImpl for mod fabric-api-lookup-api-v1 (key main)
[20:58:14] [main/DEBUG] (FabricLoader/Entrypoint) Registering new-style initializer troll.eye.client.ChatModClient for mod chatmod (key client)
[20:58:14] [main/DEBUG] (FabricLoader/Entrypoint) Registering new-style initializer troll.eye.ChatMod for mod chatmod (key main)
[20:58:14] [main/DEBUG] (FabricLoader/Entrypoint) Registering new-style initializer net.fabricmc.fabric.impl.menu.client.ClientNetworking for mod fabric-menu-api-v1 (key client)
[20:58:14] [main/DEBUG] (FabricLoader/Entrypoint) Registering new-style initializer net.fabricmc.fabric.impl.menu.Networking for mod fabric-menu-api-v1 (key main)
[20:58:14] [main/DEBUG] (FabricLoader/Entrypoint) Registering new-style initializer net.fabricmc.fabric.impl.attachment.client.AttachmentSyncClient for mod fabric-data-attachment-api-v1 (key client)
[20:58:14] [main/DEBUG] (FabricLoader/Entrypoint) Registering new-style initializer net.fabricmc.fabric.impl.attachment.AttachmentEntrypoint for mod fabric-data-attachment-api-v1 (key main)
[20:58:14] [main/DEBUG] (FabricLoader/Entrypoint) Registering new-style initializer net.fabricmc.fabric.impl.attachment.sync.AttachmentSync for mod fabric-data-attachment-api-v1 (key main)
[20:58:14] [main/DEBUG] (FabricLoader/Entrypoint) Registering new-style initializer net.fabricmc.fabric.impl.resource.conditions.ResourceConditionsImpl for mod fabric-resource-conditions-api-v1 (key main)
[20:58:14] [main/DEBUG] (FabricLoader/Entrypoint) Registering new-style initializer net.fabricmc.fabric.impl.recipe.ingredient.client.CustomIngredientSyncClient for mod fabric-recipe-api-v1 (key client)
[20:58:14] [main/DEBUG] (FabricLoader/Entrypoint) Registering new-style initializer net.fabricmc.fabric.impl.recipe.sync.client.RecipeSyncImplClient for mod fabric-recipe-api-v1 (key client)
[20:58:14] [main/DEBUG] (FabricLoader/Entrypoint) Registering new-style initializer net.fabricmc.fabric.impl.recipe.ingredient.CustomIngredientInit for mod fabric-recipe-api-v1 (key main)
[20:58:14] [main/DEBUG] (FabricLoader/Entrypoint) Registering new-style initializer net.fabricmc.fabric.impl.recipe.ingredient.CustomIngredientSync for mod fabric-recipe-api-v1 (key main)
[20:58:14] [main/DEBUG] (FabricLoader/Entrypoint) Registering new-style initializer net.fabricmc.fabric.impl.recipe.sync.RecipeSyncImpl for mod fabric-recipe-api-v1 (key main)
[20:58:14] [main/DEBUG] (FabricLoader/Entrypoint) Registering new-style initializer net.fabricmc.fabric.impl.tag.convention.v2.TranslationConventionLogWarnings for mod fabric-convention-tags-v2 (key main)
[20:58:14] [main/DEBUG] (FabricLoader/Entrypoint) Registering new-style initializer net.fabricmc.fabric.impl.event.interaction.InteractionEventsRouter for mod fabric-events-interaction-v0 (key main)
[20:58:14] [main/DEBUG] (FabricLoader/Entrypoint) Registering new-style initializer net.fabricmc.fabric.impl.client.registry.sync.FabricRegistryClientInit for mod fabric-registry-sync-v0 (key client)
[20:58:14] [main/DEBUG] (FabricLoader/Entrypoint) Registering new-style initializer net.fabricmc.fabric.impl.registry.sync.FabricRegistryInit for mod fabric-registry-sync-v0 (key main)
[20:58:14] [main/DEBUG] (FabricLoader/Entrypoint) Registering new-style initializer net.fabricmc.fabric.impl.client.event.lifecycle.ClientLifecycleEventsImpl for mod fabric-lifecycle-events-v1 (key client)
[20:58:14] [main/DEBUG] (FabricLoader/Entrypoint) Registering new-style initializer net.fabricmc.fabric.impl.event.lifecycle.LifecycleEventsImpl for mod fabric-lifecycle-events-v1 (key main)
[20:58:14] [main/DEBUG] (FabricLoader/Entrypoint) Registering new-style initializer net.fabricmc.fabric.impl.tag.TagInit for mod fabric-tag-api-v1 (key main)
[20:58:14] [main/DEBUG] (FabricLoader/Entrypoint) Registering new-style initializer net.fabricmc.fabric.impl.dimension.DimensionModificationImpl for mod fabric-dimensions-v1 (key main)
[20:58:14] [main/DEBUG] (FabricLoader/Entrypoint) Registering new-style initializer net.fabricmc.fabric.impl.gametest.FabricGameTestModInitializer for mod fabric-gametest-api-v1 (key main)
[20:58:14] [main/DEBUG] (FabricLoader/Entrypoint) Registering new-style initializer net.fabricmc.fabric.impl.client.particle.ExtendedBlockParticleOptionSyncClient for mod fabric-particles-v1 (key client)
[20:58:14] [main/DEBUG] (FabricLoader/Entrypoint) Registering new-style initializer net.fabricmc.fabric.impl.particle.ExtendedBlockParticleOptionSync for mod fabric-particles-v1 (key main)
[20:58:14] [main/INFO] (FabricLoader/Mixin) SpongePowered MIXIN Subsystem Version=0.8.7 Source=file:/C:/Users/Peto/.gradle/caches/modules-2/files-2.1/net.fabricmc/sponge-mixin/0.17.2+mixin.0.8.7/edf98d1d98229e46e36c61774ae2b54dcd852981/sponge-mixin-0.17.2+mixin.0.8.7.jar Service=Knot/Fabric Env=SERVER
[20:58:14] [main/DEBUG] (FabricLoader/Mixin) Initialising Mixin Platform Manager
[20:58:14] [main/DEBUG] (FabricLoader/Mixin) Adding mixin platform agents for container ContainerHandleURI(file:///C:/Users/Peto/.gradle/caches/modules-2/files-2.1/net.fabricmc/fabric-loader/0.19.2/cc647a5b22dbc49b9a3267cebcee25fc4882b108/fabric-loader-0.19.2.jar)
[20:58:14] [main/DEBUG] (FabricLoader/Mixin) Instancing new MixinPlatformAgentDefault for ContainerHandleURI(file:///C:/Users/Peto/.gradle/caches/modules-2/files-2.1/net.fabricmc/fabric-loader/0.19.2/cc647a5b22dbc49b9a3267cebcee25fc4882b108/fabric-loader-0.19.2.jar)
[20:58:14] [main/DEBUG] (FabricLoader/Mixin) MixinPlatformAgentDefault accepted container ContainerHandleURI(file:///C:/Users/Peto/.gradle/caches/modules-2/files-2.1/net.fabricmc/fabric-loader/0.19.2/cc647a5b22dbc49b9a3267cebcee25fc4882b108/fabric-loader-0.19.2.jar)
[20:58:14] [main/DEBUG] (FabricLoader/Mixin) Instancing new MixinPlatformAgentDefault for ContainerHandleURI(file:///C:/Users/Peto/.gradle/caches/modules-2/files-2.1/net.fabricmc/fabric-loader/0.19.2/cc647a5b22dbc49b9a3267cebcee25fc4882b108/fabric-loader-0.19.2.jar)
[20:58:14] [main/DEBUG] (FabricLoader/Mixin) MixinPlatformAgentDefault accepted container ContainerHandleURI(file:///C:/Users/Peto/.gradle/caches/modules-2/files-2.1/net.fabricmc/fabric-loader/0.19.2/cc647a5b22dbc49b9a3267cebcee25fc4882b108/fabric-loader-0.19.2.jar)
[20:58:14] [main/DEBUG] (FabricLoader/Mixin) Processing prepare() for PlatformAgent[MixinPlatformAgentDefault:ContainerHandleURI(file:///C:/Users/Peto/.gradle/caches/modules-2/files-2.1/net.fabricmc/fabric-loader/0.19.2/cc647a5b22dbc49b9a3267cebcee25fc4882b108/fabric-loader-0.19.2.jar)]
[20:58:14] [main/DEBUG] (FabricLoader/Mixin) Processing prepare() for PlatformAgent[MixinPlatformAgentDefault:ContainerHandleURI(file:///C:/Users/Peto/.gradle/caches/modules-2/files-2.1/net.fabricmc/fabric-loader/0.19.2/cc647a5b22dbc49b9a3267cebcee25fc4882b108/fabric-loader-0.19.2.jar)]
[20:58:14] [main/DEBUG] (FabricLoader/Mixin) Compatibility level JAVA_25 specified by fabric-entity-events-v1.mixins.json is higher than the maximum level supported by this version of mixin (JAVA_13).
[20:58:14] [main/INFO] (FabricLoader/Mixin) Compatibility level set to JAVA_25
[20:58:14] [main/DEBUG] (FabricLoader/Mixin) Mixin config fabric-entity-events-v1.mixins.json does not specify "minVersion" or "requiredFeatures" property
[20:58:14] [main/DEBUG] (FabricLoader/Mixin) Mixin config fabric-biome-api-v1.mixins.json does not specify "minVersion" or "requiredFeatures" property
[20:58:14] [main/DEBUG] (FabricLoader/Mixin) Mixin config fabric-networking-api-v1.mixins.json does not specify "minVersion" or "requiredFeatures" property
[20:58:14] [main/DEBUG] (FabricLoader/Mixin) Mixin config fabric-data-generation-api-v1.mixins.json does not specify "minVersion" or "requiredFeatures" property
[20:58:14] [main/DEBUG] (FabricLoader/Mixin) Mixin config fabric-api-lookup-api-v1.mixins.json does not specify "minVersion" or "requiredFeatures" property
[20:58:14] [main/DEBUG] (FabricLoader/Mixin) Mixin config chatmod.mixins.json does not specify "minVersion" or "requiredFeatures" property
[20:58:14] [main/DEBUG] (FabricLoader/Mixin) Mixin config fabric-menu-api-v1.mixins.json does not specify "minVersion" or "requiredFeatures" property
[20:58:14] [main/DEBUG] (FabricLoader/Mixin) Mixin config fabric-data-attachment-api-v1.mixins.json does not specify "minVersion" or "requiredFeatures" property
[20:58:14] [main/DEBUG] (FabricLoader/Mixin) Mixin config fabric-crash-report-info-v1.mixins.json does not specify "minVersion" or "requiredFeatures" property
[20:58:14] [main/DEBUG] (FabricLoader/Mixin) Mixin config fabric-resource-conditions-api-v1.mixins.json does not specify "minVersion" or "requiredFeatures" property
[20:58:14] [main/DEBUG] (FabricLoader/Mixin) Mixin config fabric-content-registries-v0.mixins.json does not specify "minVersion" or "requiredFeatures" property
[20:58:14] [main/DEBUG] (FabricLoader/Mixin) Mixin config fabric-recipe-api-v1.mixins.json does not specify "minVersion" or "requiredFeatures" property
[20:58:14] [main/DEBUG] (FabricLoader/Mixin) Mixin config fabric-convention-tags-api-v2.mixins.json does not specify "minVersion" or "requiredFeatures" property
[20:58:14] [main/DEBUG] (FabricLoader/Mixin) Mixin config fabric-resource-loader-v1.mixins.json does not specify "minVersion" or "requiredFeatures" property
[20:58:14] [main/DEBUG] (FabricLoader/Mixin) Mixin config fabric-block-getter-api-v2.mixins.json does not specify "minVersion" or "requiredFeatures" property
[20:58:14] [main/DEBUG] (FabricLoader/Mixin) Mixin config fabric-block-api-v1.mixins.json does not specify "minVersion" or "requiredFeatures" property
[20:58:14] [main/DEBUG] (FabricLoader/Mixin) Mixin config fabric-events-interaction-v0.mixins.json does not specify "minVersion" or "requiredFeatures" property
[20:58:14] [main/DEBUG] (FabricLoader/Mixin) Mixin config fabric-creative-tab-api-v1.mixins.json does not specify "minVersion" or "requiredFeatures" property
[20:58:14] [main/DEBUG] (FabricLoader/Mixin) Mixin config fabric-registry-sync-v0.mixins.json does not specify "minVersion" or "requiredFeatures" property
[20:58:14] [main/DEBUG] (FabricLoader/Mixin) Mixin config fabric-object-builder-v1.mixins.json does not specify "minVersion" or "requiredFeatures" property
[20:58:14] [main/DEBUG] (FabricLoader/Mixin) Mixin config fabric-serialization-api-v1.mixins.json does not specify "minVersion" or "requiredFeatures" property
[20:58:14] [main/DEBUG] (FabricLoader/Mixin) Mixin config fabric-permission-api-v1.mixins.json does not specify "minVersion" or "requiredFeatures" property
[20:58:14] [main/DEBUG] (FabricLoader/Mixin) Mixin config fabric-transfer-api-v1.mixins.json does not specify "minVersion" or "requiredFeatures" property
[20:58:14] [main/DEBUG] (FabricLoader/Mixin) Mixin config fabric-lifecycle-events-v1.mixins.json does not specify "minVersion" or "requiredFeatures" property
[20:58:14] [main/DEBUG] (FabricLoader/Mixin) Mixin config fabric-tag-api-v1.mixins.json does not specify "minVersion" or "requiredFeatures" property
[20:58:14] [main/DEBUG] (FabricLoader/Mixin) Mixin config fabric-message-api-v1.mixins.json does not specify "minVersion" or "requiredFeatures" property
[20:58:14] [main/DEBUG] (FabricLoader/Mixin) Mixin config fabric-dimensions-v1.mixins.json does not specify "minVersion" or "requiredFeatures" property
[20:58:14] [main/DEBUG] (FabricLoader/Mixin) Mixin config fabric-game-rule-api-v1.mixins.json does not specify "minVersion" or "requiredFeatures" property
[20:58:14] [main/DEBUG] (FabricLoader/Mixin) Mixin config fabric-gametest-api-v1.mixins.json does not specify "minVersion" or "requiredFeatures" property
[20:58:14] [main/DEBUG] (FabricLoader/Mixin) Mixin config fabric-debug-api-v1.mixins.json does not specify "minVersion" or "requiredFeatures" property
[20:58:14] [main/DEBUG] (FabricLoader/Mixin) Mixin config fabric-item-api-v1.mixins.json does not specify "minVersion" or "requiredFeatures" property
[20:58:14] [main/DEBUG] (FabricLoader/Mixin) Mixin config fabric-command-api-v2.mixins.json does not specify "minVersion" or "requiredFeatures" property
[20:58:14] [main/DEBUG] (FabricLoader/Mixin) Mixin config fabric-loot-api-v3.mixins.json does not specify "minVersion" or "requiredFeatures" property
[20:58:14] [main/DEBUG] (FabricLoader/Mixin) Mixin config fabric-particles-v1.mixins.json does not specify "minVersion" or "requiredFeatures" property
[20:58:14] [main/DEBUG] (FabricLoader/Knot) Adding C:\Users\Peto\Downloads\chatmod-template-26.1.2\.gradle\loom-cache\minecraftMaven\net\minecraft\minecraft-common-52430b475d\26.1.2\minecraft-common-52430b475d-26.1.2.jar to classpath.
[20:58:14] [main/DEBUG] (FabricLoader/Knot) Adding C:\Users\Peto\Downloads\chatmod-template-26.1.2\build\classes\java\main to classpath.
[20:58:14] [main/DEBUG] (FabricLoader/Knot) Adding C:\Users\Peto\Downloads\chatmod-template-26.1.2\build\resources\main to classpath.
[20:58:14] [main/DEBUG] (FabricLoader/Knot) Adding C:\Users\Peto\.gradle\caches\modules-2\files-2.1\net.fabricmc.fabric-api\fabric-api\0.149.1+26.1.2\f07ace934b02896a8b77727efd03ce2ad32dc5da\fabric-api-0.149.1+26.1.2.jar to classpath.
[20:58:14] [main/DEBUG] (FabricLoader/Knot) Adding C:\Users\Peto\.gradle\caches\modules-2\files-2.1\io.github.llamalad7\mixinextras-fabric\0.5.4\5e167154bcb9942111313a5e186e16cd7265f858\mixinextras-fabric-0.5.4.jar to classpath.
[20:58:14] [main/DEBUG] (FabricLoader/Knot) Adding C:\Users\Peto\.gradle\caches\modules-2\files-2.1\net.fabricmc\dev-launch-injector\0.2.1+build.8\da8bef7e6e2f952da707f282bdb46882a0fce5e3\dev-launch-injector-0.2.1+build.8.jar to classpath.
[20:58:14] [main/DEBUG] (FabricLoader/Knot) Adding C:\Users\Peto\.gradle\caches\modules-2\files-2.1\at.yawk.lz4\lz4-java\1.10.1\f541d7f910fe3d76f38f799c507c48cc81b12ecb\lz4-java-1.10.1.jar to classpath.
[20:58:14] [main/DEBUG] (FabricLoader/Knot) Adding C:\Users\Peto\.gradle\caches\modules-2\files-2.1\com.azure\azure-json\1.4.0\fcc1d354dbc3e0300e5276b1bf124d0247799cd8\azure-json-1.4.0.jar to classpath.
[20:58:14] [main/DEBUG] (FabricLoader/Knot) Adding C:\Users\Peto\.gradle\caches\modules-2\files-2.1\com.github.oshi\oshi-core\6.9.0\3224870731860cfcd7744581a05b559e94291e7\oshi-core-6.9.0.jar to classpath.
[20:58:14] [main/DEBUG] (FabricLoader/Knot) Adding C:\Users\Peto\.gradle\caches\modules-2\files-2.1\com.google.guava\failureaccess\1.0.3\aeaffd00d57023a2c947393ed251f0354f0985fc\failureaccess-1.0.3.jar to classpath.
[20:58:14] [main/DEBUG] (FabricLoader/Knot) Adding C:\Users\Peto\.gradle\caches\modules-2\files-2.1\com.google.guava\guava\33.5.0-jre\8699de25f2f979108d6c1b804a7ba38cda1116bc\guava-33.5.0-jre.jar to classpath.
[20:58:14] [main/DEBUG] (FabricLoader/Knot) Adding C:\Users\Peto\.gradle\caches\modules-2\files-2.1\com.microsoft.azure\msal4j\1.23.1\6c722b514873b24a4e1ce9c22dca36ea3c22bdbe\msal4j-1.23.1.jar to classpath.
[20:58:14] [main/DEBUG] (FabricLoader/Knot) Adding C:\Users\Peto\.gradle\caches\modules-2\files-2.1\com.mojang\brigadier\1.3.10\d15b53a14cf20fdcaa98f731af5dda654452c010\brigadier-1.3.10.jar to classpath.
[20:58:14] [main/DEBUG] (FabricLoader/Knot) Adding C:\Users\Peto\.gradle\caches\modules-2\files-2.1\com.mojang\datafixerupper\9.0.19\4e91f9712fa1e83231d1501625381b0210a977da\datafixerupper-9.0.19.jar to classpath.
[20:58:14] [main/DEBUG] (FabricLoader/Knot) Adding C:\Users\Peto\.gradle\caches\modules-2\files-2.1\com.mojang\jtracy\1.0.37\a3fb649b2e2b2288d2978f0b0bc3d83f62809d1e\jtracy-1.0.37.jar to classpath.
[20:58:14] [main/DEBUG] (FabricLoader/Knot) Adding C:\Users\Peto\.gradle\caches\modules-2\files-2.1\com.mojang\jtracy\1.0.37\6ff6d710fd4ffd470f2799653fab57e27fed0c9d\jtracy-1.0.37-natives-windows.jar to classpath.
[20:58:14] [main/DEBUG] (FabricLoader/Knot) Adding C:\Users\Peto\.gradle\caches\modules-2\files-2.1\commons-io\commons-io\2.20.0\36f3474daec2849c149e877614e7f979b2082cd2\commons-io-2.20.0.jar to classpath.
[20:58:14] [main/DEBUG] (FabricLoader/Knot) Adding C:\Users\Peto\.gradle\caches\modules-2\files-2.1\io.netty\netty-buffer\4.2.7.Final\5555ff561643bf2f8430fb57c24403c0efe15994\netty-buffer-4.2.7.Final.jar to classpath.
[20:58:14] [main/DEBUG] (FabricLoader/Knot) Adding C:\Users\Peto\.gradle\caches\modules-2\files-2.1\io.netty\netty-codec-base\4.2.7.Final\915e381ebabcf115f1c7ff7032d55c48afb50210\netty-codec-base-4.2.7.Final.jar to classpath.
[20:58:14] [main/DEBUG] (FabricLoader/Knot) Adding C:\Users\Peto\.gradle\caches\modules-2\files-2.1\io.netty\netty-codec-compression\4.2.7.Final\572341bc1ca90fd9d6e47f1d2694aab5258566e9\netty-codec-compression-4.2.7.Final.jar to classpath.
[20:58:14] [main/DEBUG] (FabricLoader/Knot) Adding C:\Users\Peto\.gradle\caches\modules-2\files-2.1\io.netty\netty-codec-http\4.2.7.Final\b734c108854099c421fd94d92d9f865e4d4da853\netty-codec-http-4.2.7.Final.jar to classpath.
[20:58:14] [main/DEBUG] (FabricLoader/Knot) Adding C:\Users\Peto\.gradle\caches\modules-2\files-2.1\io.netty\netty-common\4.2.7.Final\11aa30df26af4fca3239ac1917f303a280f301e1\netty-common-4.2.7.Final.jar to classpath.
[20:58:14] [main/DEBUG] (FabricLoader/Knot) Adding C:\Users\Peto\.gradle\caches\modules-2\files-2.1\io.netty\netty-handler\4.2.7.Final\7ad8a1f851e2e6fe93cdd091871fda2b81c03b5b\netty-handler-4.2.7.Final.jar to classpath.
[20:58:14] [main/DEBUG] (FabricLoader/Knot) Adding C:\Users\Peto\.gradle\caches\modules-2\files-2.1\io.netty\netty-resolver\4.2.7.Final\5f3e5ef8de03992cd4fb46960dc0085ec1a12a12\netty-resolver-4.2.7.Final.jar to classpath.
[20:58:14] [main/DEBUG] (FabricLoader/Knot) Adding C:\Users\Peto\.gradle\caches\modules-2\files-2.1\io.netty\netty-transport-classes-epoll\4.2.7.Final\1075c09f48a78eef9d819fbfd9096b903fdd362a\netty-transport-classes-epoll-4.2.7.Final.jar to classpath.
[20:58:14] [main/DEBUG] (FabricLoader/Knot) Adding C:\Users\Peto\.gradle\caches\modules-2\files-2.1\io.netty\netty-transport-classes-kqueue\4.2.7.Final\bdec7c23c75caabd848426d073c09568e8d5f94e\netty-transport-classes-kqueue-4.2.7.Final.jar to classpath.
[20:58:14] [main/DEBUG] (FabricLoader/Knot) Adding C:\Users\Peto\.gradle\caches\modules-2\files-2.1\io.netty\netty-transport-native-unix-common\4.2.7.Final\89953f04259ea7502cffb313630dd51e00e60669\netty-transport-native-unix-common-4.2.7.Final.jar to classpath.
[20:58:14] [main/DEBUG] (FabricLoader/Knot) Adding C:\Users\Peto\.gradle\caches\modules-2\files-2.1\io.netty\netty-transport\4.2.7.Final\83ea548981d0d8c4a98027cc1a6f9624f902e142\netty-transport-4.2.7.Final.jar to classpath.
[20:58:14] [main/DEBUG] (FabricLoader/Knot) Adding C:\Users\Peto\.gradle\caches\modules-2\files-2.1\it.unimi.dsi\fastutil\8.5.18\a6cff377eecc19c2037bf31568a6d7106b50ba1f\fastutil-8.5.18.jar to classpath.
[20:58:14] [main/DEBUG] (FabricLoader/Knot) Adding C:\Users\Peto\.gradle\caches\modules-2\files-2.1\net.java.dev.jna\jna-platform\5.17.0\a4934c44d25a9d8c2ddf4203affd20330cb3426f\jna-platform-5.17.0.jar to classpath.
[20:58:14] [main/DEBUG] (FabricLoader/Knot) Adding C:\Users\Peto\.gradle\caches\modules-2\files-2.1\net.java.dev.jna\jna\5.17.0\33d12735bef894440780fce64f9758d420c7bae2\jna-5.17.0.jar to classpath.
[20:58:14] [main/DEBUG] (FabricLoader/Knot) Adding C:\Users\Peto\.gradle\caches\modules-2\files-2.1\net.sf.jopt-simple\jopt-simple\5.0.4\4fdac2fbe92dfad86aa6e9301736f6b4342a3f5c\jopt-simple-5.0.4.jar to classpath.
[20:58:14] [main/DEBUG] (FabricLoader/Knot) Adding C:\Users\Peto\.gradle\caches\modules-2\files-2.1\org.apache.commons\commons-lang3\3.19.0\d6524b169a6574cd253760c472d419b47bfd37e6\commons-lang3-3.19.0.jar to classpath.
[20:58:14] [main/DEBUG] (FabricLoader/Knot) Adding C:\Users\Peto\.gradle\caches\modules-2\files-2.1\org.joml\joml\1.10.8\fc0a71dad90a2cf41d82a76156a0e700af8e4f8d\joml-1.10.8.jar to classpath.
[20:58:14] [main/DEBUG] (FabricLoader/Knot) Adding C:\Users\Peto\.gradle\caches\modules-2\files-2.1\org.jspecify\jspecify\1.0.0\7425a601c1c7ec76645a78d22b8c6a627edee507\jspecify-1.0.0.jar to classpath.
[20:58:14] [main/DEBUG] (FabricLoader/Knot) Adding C:\Users\Peto\.gradle\caches\modules-2\files-2.1\org.lwjgl\lwjgl-freetype\3.4.1\32fc9cfd236aca5433d53af78bfb15f1b4c1103e\lwjgl-freetype-3.4.1-natives-windows.jar to classpath.
[20:58:14] [main/DEBUG] (FabricLoader/Knot) Adding C:\Users\Peto\.gradle\caches\modules-2\files-2.1\org.lwjgl\lwjgl-freetype\3.4.1\a677b4a7bba84f925b4cc4f52a58c5248974bdeb\lwjgl-freetype-3.4.1-natives-windows-arm64.jar to classpath.
[20:58:14] [main/DEBUG] (FabricLoader/Knot) Adding C:\Users\Peto\.gradle\caches\modules-2\files-2.1\org.lwjgl\lwjgl-freetype\3.4.1\81431d868bcf162d4c915b9c39b2c7aae155ad4f\lwjgl-freetype-3.4.1-natives-windows-x86.jar to classpath.
[20:58:14] [main/DEBUG] (FabricLoader/Knot) Adding C:\Users\Peto\.gradle\caches\modules-2\files-2.1\org.lwjgl\lwjgl-glfw\3.4.1\2eb4aa895ea190ba8cf4356f8cea24d3ebb40ea1\lwjgl-glfw-3.4.1-natives-windows.jar to classpath.
[20:58:14] [main/DEBUG] (FabricLoader/Knot) Adding C:\Users\Peto\.gradle\caches\modules-2\files-2.1\org.lwjgl\lwjgl-glfw\3.4.1\196101d96d9b2aa73264a96ae1dc8944a1446cee\lwjgl-glfw-3.4.1-natives-windows-arm64.jar to classpath.
[20:58:14] [main/DEBUG] (FabricLoader/Knot) Adding C:\Users\Peto\.gradle\caches\modules-2\files-2.1\org.lwjgl\lwjgl-glfw\3.4.1\a48bbdd544f00c88f8906e9d09e3f31bc1c17fac\lwjgl-glfw-3.4.1-natives-windows-x86.jar to classpath.
[20:58:14] [main/DEBUG] (FabricLoader/Knot) Adding C:\Users\Peto\.gradle\caches\modules-2\files-2.1\org.lwjgl\lwjgl-jemalloc\3.4.1\70db8048d1aca8a6365f46f9963b8d6cd77b9e94\lwjgl-jemalloc-3.4.1-natives-windows.jar to classpath.
[20:58:14] [main/DEBUG] (FabricLoader/Knot) Adding C:\Users\Peto\.gradle\caches\modules-2\files-2.1\org.lwjgl\lwjgl-jemalloc\3.4.1\662e0926dd990f679e1cfb31d710d22d175bdabc\lwjgl-jemalloc-3.4.1-natives-windows-arm64.jar to classpath.
[20:58:14] [main/DEBUG] (FabricLoader/Knot) Adding C:\Users\Peto\.gradle\caches\modules-2\files-2.1\org.lwjgl\lwjgl-jemalloc\3.4.1\d8cf69e1155df83260f9bbe01944fe91f8ca3955\lwjgl-jemalloc-3.4.1-natives-windows-x86.jar to classpath.
[20:58:14] [main/DEBUG] (FabricLoader/Knot) Adding C:\Users\Peto\.gradle\caches\modules-2\files-2.1\org.lwjgl\lwjgl-openal\3.4.1\8e83fdfdf65c80c9877c6fb6cb645d239ed7638\lwjgl-openal-3.4.1-natives-windows.jar to classpath.
[20:58:14] [main/DEBUG] (FabricLoader/Knot) Adding C:\Users\Peto\.gradle\caches\modules-2\files-2.1\org.lwjgl\lwjgl-openal\3.4.1\4b996cc3321a807ee34e7ce53aba7fe529dc485a\lwjgl-openal-3.4.1-natives-windows-arm64.jar to classpath.
[20:58:14] [main/DEBUG] (FabricLoader/Knot) Adding C:\Users\Peto\.gradle\caches\modules-2\files-2.1\org.lwjgl\lwjgl-openal\3.4.1\9e4bab87e9b89876fa77ea3c19e1b45334b97c10\lwjgl-openal-3.4.1-natives-windows-x86.jar to classpath.
[20:58:14] [main/DEBUG] (FabricLoader/Knot) Adding C:\Users\Peto\.gradle\caches\modules-2\files-2.1\org.lwjgl\lwjgl-opengl\3.4.1\617f37ef4e2ffb727bd5e74333e8073ef43ca1ec\lwjgl-opengl-3.4.1-natives-windows.jar to classpath.
[20:58:14] [main/DEBUG] (FabricLoader/Knot) Adding C:\Users\Peto\.gradle\caches\modules-2\files-2.1\org.lwjgl\lwjgl-opengl\3.4.1\4b6a9c5d7d5325312b740d9886087b7292b43bf9\lwjgl-opengl-3.4.1-natives-windows-arm64.jar to classpath.
[20:58:14] [main/DEBUG] (FabricLoader/Knot) Adding C:\Users\Peto\.gradle\caches\modules-2\files-2.1\org.lwjgl\lwjgl-opengl\3.4.1\cfd47352b758a0c9f7046de467b103182ec77eb1\lwjgl-opengl-3.4.1-natives-windows-x86.jar to classpath.
[20:58:14] [main/DEBUG] (FabricLoader/Knot) Adding C:\Users\Peto\.gradle\caches\modules-2\files-2.1\org.lwjgl\lwjgl-stb\3.4.1\b4e13ece83c228ecf57354639d8555076a989d74\lwjgl-stb-3.4.1-natives-windows.jar to classpath.
[20:58:14] [main/DEBUG] (FabricLoader/Knot) Adding C:\Users\Peto\.gradle\caches\modules-2\files-2.1\org.lwjgl\lwjgl-stb\3.4.1\7f4c39b3d56c7bae4900ee6e59d8f75432bdb18f\lwjgl-stb-3.4.1-natives-windows-arm64.jar to classpath.
[20:58:14] [main/DEBUG] (FabricLoader/Knot) Adding C:\Users\Peto\.gradle\caches\modules-2\files-2.1\org.lwjgl\lwjgl-stb\3.4.1\e091cd3b25ab7db88f0e34a0d2797dc396a528fa\lwjgl-stb-3.4.1-natives-windows-x86.jar to classpath.
[20:58:14] [main/DEBUG] (FabricLoader/Knot) Adding C:\Users\Peto\.gradle\caches\modules-2\files-2.1\org.lwjgl\lwjgl-tinyfd\3.4.1\bdd8c03151cc94460247986f843d134ae8f9406a\lwjgl-tinyfd-3.4.1-natives-windows.jar to classpath.
[20:58:14] [main/DEBUG] (FabricLoader/Knot) Adding C:\Users\Peto\.gradle\caches\modules-2\files-2.1\org.lwjgl\lwjgl-tinyfd\3.4.1\9c93b8211856bfe682f3225ccac811e74243f98e\lwjgl-tinyfd-3.4.1-natives-windows-arm64.jar to classpath.
[20:58:14] [main/DEBUG] (FabricLoader/Knot) Adding C:\Users\Peto\.gradle\caches\modules-2\files-2.1\org.lwjgl\lwjgl-tinyfd\3.4.1\f585da74a17695ba38351697712c03784ee1348b\lwjgl-tinyfd-3.4.1-natives-windows-x86.jar to classpath.
[20:58:14] [main/DEBUG] (FabricLoader/Knot) Adding C:\Users\Peto\.gradle\caches\modules-2\files-2.1\org.lwjgl\lwjgl\3.4.1\96a217f0428ab73487f114a54179a4f41e851a04\lwjgl-3.4.1-natives-windows.jar to classpath.
[20:58:14] [main/DEBUG] (FabricLoader/Knot) Adding C:\Users\Peto\.gradle\caches\modules-2\files-2.1\org.lwjgl\lwjgl\3.4.1\d1d3a7052da47ccde2a5fdf3a1bd45d801c3157c\lwjgl-3.4.1-natives-windows-arm64.jar to classpath.
[20:58:14] [main/DEBUG] (FabricLoader/Knot) Adding C:\Users\Peto\.gradle\caches\modules-2\files-2.1\org.lwjgl\lwjgl\3.4.1\65de43bd52507e108a58247c0da57a50ce3ee6f6\lwjgl-3.4.1-natives-windows-x86.jar to classpath.
[20:58:14] [main/DEBUG] (FabricLoader/Knot) Adding C:\Users\Peto\Downloads\chatmod-template-26.1.2\.gradle\loom-cache\minecraftMaven\net\minecraft\minecraft-common-52430b475d\26.1.2\minecraft-common-52430b475d-26.1.2.jar to classpath.
[20:58:14] [main/DEBUG] (FabricLoader/Knot) Adding C:\Users\Peto\.gradle\caches\modules-2\files-2.1\io.netty\netty-transport-native-epoll\4.2.7.Final\e83998bfc10b5289d9bcbe807c4079ef0eed8e6f\netty-transport-native-epoll-4.2.7.Final-linux-x86_64.jar to classpath.
[20:58:14] [main/DEBUG] (FabricLoader/Knot) Adding C:\Users\Peto\.gradle\caches\modules-2\files-2.1\io.netty\netty-transport-native-epoll\4.2.7.Final\98d02251c98c8f07a23ac5ea27657d9e0ef57614\netty-transport-native-epoll-4.2.7.Final-linux-aarch_64.jar to classpath.
[20:58:14] [main/DEBUG] (FabricLoader/Knot) Adding C:\Users\Peto\.gradle\caches\modules-2\files-2.1\io.netty\netty-transport-native-kqueue\4.2.7.Final\40868fd4e43bce2798245f790624b58803dc26b6\netty-transport-native-kqueue-4.2.7.Final-osx-x86_64.jar to classpath.
[20:58:14] [main/DEBUG] (FabricLoader/Knot) Adding C:\Users\Peto\.gradle\caches\modules-2\files-2.1\io.netty\netty-transport-native-kqueue\4.2.7.Final\e5a0feef41410c8a5ae00c6cb4e0c99bd0aded6a\netty-transport-native-kqueue-4.2.7.Final-osx-aarch_64.jar to classpath.
[20:58:14] [main/DEBUG] (FabricLoader/Knot) Adding C:\Users\Peto\.gradle\caches\modules-2\files-2.1\net.fabricmc.fabric-api\fabric-transfer-api-v1\8.0.5+357ea7334c\2aff9d7c8e917d2a69c71aa18e28c915e0040a8e\fabric-transfer-api-v1-8.0.5+357ea7334c.jar to classpath.
[20:58:14] [main/DEBUG] (FabricLoader/Knot) Adding C:\Users\Peto\.gradle\caches\modules-2\files-2.1\net.fabricmc.fabric-api\fabric-api-lookup-api-v1\2.0.11+d5a053b64c\dbb4489647b411352b735654440311d7560dc1f4\fabric-api-lookup-api-v1-2.0.11+d5a053b64c.jar to classpath.
[20:58:14] [main/DEBUG] (FabricLoader/Knot) Adding C:\Users\Peto\.gradle\caches\modules-2\files-2.1\net.fabricmc.fabric-api\fabric-command-api-v2\3.0.5+e2bdee784c\d2bfa62e2f489900be2210dfb84458dcdecb75b6\fabric-command-api-v2-3.0.5+e2bdee784c.jar to classpath.
[20:58:14] [main/DEBUG] (FabricLoader/Knot) Adding C:\Users\Peto\.gradle\caches\modules-2\files-2.1\net.fabricmc.fabric-api\fabric-content-registries-v0\11.1.1+1a3b26974c\8761c4bd7f8feb484746055f6ff22e387cd84e9f\fabric-content-registries-v0-11.1.1+1a3b26974c.jar to classpath.
[20:58:14] [main/DEBUG] (FabricLoader/Knot) Adding C:\Users\Peto\.gradle\caches\modules-2\files-2.1\net.fabricmc.fabric-api\fabric-data-generation-api-v1\24.2.1+73b1f9054c\45de52728d75071df38ae3111917455049bb1276\fabric-data-generation-api-v1-24.2.1+73b1f9054c.jar to classpath.
[20:58:14] [main/DEBUG] (FabricLoader/Knot) Adding C:\Users\Peto\.gradle\caches\modules-2\files-2.1\net.fabricmc.fabric-api\fabric-convention-tags-v2\4.6.1+4f11f7994c\91340fc335b0877d7c9f8c8e41872cb5af1201cc\fabric-convention-tags-v2-4.6.1+4f11f7994c.jar to classpath.
[20:58:14] [main/DEBUG] (FabricLoader/Knot) Adding C:\Users\Peto\.gradle\caches\modules-2\files-2.1\net.fabricmc.fabric-api\fabric-creative-tab-api-v1\5.0.11+d871b99e4c\9e6937cef2aa7955d2ff66c9d2415118c58ec15c\fabric-creative-tab-api-v1-5.0.11+d871b99e4c.jar to classpath.
[20:58:14] [main/DEBUG] (FabricLoader/Knot) Adding C:\Users\Peto\.gradle\caches\modules-2\files-2.1\net.fabricmc.fabric-api\fabric-data-attachment-api-v1\2.2.7+44a0bd1d4c\e41b4f606845fb2154f4234250f88cfaa6166eb5\fabric-data-attachment-api-v1-2.2.7+44a0bd1d4c.jar to classpath.
[20:58:14] [main/DEBUG] (FabricLoader/Knot) Adding C:\Users\Peto\.gradle\caches\modules-2\files-2.1\net.fabricmc.fabric-api\fabric-debug-api-v1\1.0.1+c792624d4c\3e65954340d5153face34ee7d2f9b114271bca38\fabric-debug-api-v1-1.0.1+c792624d4c.jar to classpath.
[20:58:14] [main/DEBUG] (FabricLoader/Knot) Adding C:\Users\Peto\.gradle\caches\modules-2\files-2.1\net.fabricmc.fabric-api\fabric-dimensions-v1\5.1.5+9cbf5da54c\53c66317546644a3915ec20df2d77f4e3093ffab\fabric-dimensions-v1-5.1.5+9cbf5da54c.jar to classpath.
[20:58:14] [main/DEBUG] (FabricLoader/Knot) Adding C:\Users\Peto\.gradle\caches\modules-2\files-2.1\net.fabricmc.fabric-api\fabric-entity-events-v1\5.0.2+e2bdee784c\3f15c7b85c55f03b5d5fa89a48a0eb1dc6461465\fabric-entity-events-v1-5.0.2+e2bdee784c.jar to classpath.
[20:58:14] [main/DEBUG] (FabricLoader/Knot) Adding C:\Users\Peto\.gradle\caches\modules-2\files-2.1\net.fabricmc.fabric-api\fabric-events-interaction-v0\5.2.1+a67251b84c\cf25f4932ae4d3df49bf5ad0c69be40f8abda289\fabric-events-interaction-v0-5.2.1+a67251b84c.jar to classpath.
[20:58:14] [main/DEBUG] (FabricLoader/Knot) Adding C:\Users\Peto\.gradle\caches\modules-2\files-2.1\net.fabricmc.fabric-api\fabric-game-rule-api-v1\4.0.5+d871b99e4c\8b1189ddbfe446bf9468920526ed668db253da65\fabric-game-rule-api-v1-4.0.5+d871b99e4c.jar to classpath.
[20:58:14] [main/DEBUG] (FabricLoader/Knot) Adding C:\Users\Peto\.gradle\caches\modules-2\files-2.1\net.fabricmc.fabric-api\fabric-gametest-api-v1\4.0.16+867b87624c\40afb4470a642c504377becfec8394d4632ba2a7\fabric-gametest-api-v1-4.0.16+867b87624c.jar to classpath.
[20:58:14] [main/DEBUG] (FabricLoader/Knot) Adding C:\Users\Peto\.gradle\caches\modules-2\files-2.1\net.fabricmc.fabric-api\fabric-item-api-v1\14.1.2+73d134684c\cb7fd76b622fbc467cb65f067c212fc256d3809f\fabric-item-api-v1-14.1.2+73d134684c.jar to classpath.
[20:58:14] [main/DEBUG] (FabricLoader/Knot) Adding C:\Users\Peto\.gradle\caches\modules-2\files-2.1\net.fabricmc.fabric-api\fabric-recipe-api-v1\9.0.15+be4b75ae4c\c3510ef358ce97ea4fc804cd2f75f30c574ec947\fabric-recipe-api-v1-9.0.15+be4b75ae4c.jar to classpath.
[20:58:14] [main/DEBUG] (FabricLoader/Knot) Adding C:\Users\Peto\.gradle\caches\modules-2\files-2.1\net.fabricmc.fabric-api\fabric-model-loading-api-v1\8.0.7+c80601bb4c\506971ac0c88d60352ca2c46f6a993ac7d3143f5\fabric-model-loading-api-v1-8.0.7+c80601bb4c.jar to classpath.
[20:58:14] [main/DEBUG] (FabricLoader/Knot) Adding C:\Users\Peto\.gradle\caches\modules-2\files-2.1\net.fabricmc.fabric-api\fabric-renderer-indigo\8.1.1+1403e82c4c\d66c7aa5a104b79d463fb8c136d8dece305a1d09\fabric-renderer-indigo-8.1.1+1403e82c4c.jar to classpath.
[20:58:14] [main/DEBUG] (FabricLoader/Knot) Adding C:\Users\Peto\.gradle\caches\modules-2\files-2.1\net.fabricmc.fabric-api\fabric-renderer-api-v1\13.0.4+c80601bb4c\21c2279d44ede9a187dbc4420a608085f9d10edc\fabric-renderer-api-v1-13.0.4+c80601bb4c.jar to classpath.
[20:58:14] [main/DEBUG] (FabricLoader/Knot) Adding C:\Users\Peto\.gradle\caches\modules-2\files-2.1\net.fabricmc.fabric-api\fabric-rendering-v1\23.1.1+1403e82c4c\d1ee1e88cc84a2a2de3d1bcb418de8d6e73afcba\fabric-rendering-v1-23.1.1+1403e82c4c.jar to classpath.
[20:58:14] [main/DEBUG] (FabricLoader/Knot) Adding C:\Users\Peto\.gradle\caches\modules-2\files-2.1\net.fabricmc.fabric-api\fabric-lifecycle-events-v1\4.1.0+6d50a0854c\52281bf82f04922d65a30d3f91975feb00911826\fabric-lifecycle-events-v1-4.1.0+6d50a0854c.jar to classpath.
[20:58:14] [main/DEBUG] (FabricLoader/Knot) Adding C:\Users\Peto\.gradle\caches\modules-2\files-2.1\net.fabricmc.fabric-api\fabric-loot-api-v3\3.0.12+00a1fba64c\58ffa00757774d7060115afa05742753ff26c769\fabric-loot-api-v3-3.0.12+00a1fba64c.jar to classpath.
[20:58:14] [main/DEBUG] (FabricLoader/Knot) Adding C:\Users\Peto\.gradle\caches\modules-2\files-2.1\net.fabricmc.fabric-api\fabric-menu-api-v1\2.0.13+d871b99e4c\e59c4c081a5dc1afb27c0167d6e1480c670c4d29\fabric-menu-api-v1-2.0.13+d871b99e4c.jar to classpath.
[20:58:14] [main/DEBUG] (FabricLoader/Knot) Adding C:\Users\Peto\.gradle\caches\modules-2\files-2.1\net.fabricmc.fabric-api\fabric-message-api-v1\7.0.5+dae8ce3e4c\6211835e1348e8b9b89defb98a616adb483b8284\fabric-message-api-v1-7.0.5+dae8ce3e4c.jar to classpath.
[20:58:14] [main/DEBUG] (FabricLoader/Knot) Adding C:\Users\Peto\.gradle\caches\modules-2\files-2.1\net.fabricmc.fabric-api\fabric-particles-v1\5.0.15+b61fef434c\e9659d152cefb7255056f432234a11621ab00945\fabric-particles-v1-5.0.15+b61fef434c.jar to classpath.
[20:58:14] [main/DEBUG] (FabricLoader/Knot) Adding C:\Users\Peto\.gradle\caches\modules-2\files-2.1\net.fabricmc.fabric-api\fabric-object-builder-api-v1\23.0.16+b95dd56e4c\64b623486a5962dada51cb3e8a114ee49a6ba9de\fabric-object-builder-api-v1-23.0.16+b95dd56e4c.jar to classpath.
[20:58:14] [main/DEBUG] (FabricLoader/Knot) Adding C:\Users\Peto\.gradle\caches\modules-2\files-2.1\net.fabricmc.fabric-api\fabric-registry-sync-v0\7.0.13+b61fef434c\b7cd637ba58adacb2abfd54f5f438211e5c3210d\fabric-registry-sync-v0-7.0.13+b61fef434c.jar to classpath.
[20:58:14] [main/DEBUG] (FabricLoader/Knot) Adding C:\Users\Peto\.gradle\caches\modules-2\files-2.1\net.fabricmc.fabric-api\fabric-networking-api-v1\6.3.1+554860db4c\38ac77944d5e0fc623a163cde9b3eca04f791296\fabric-networking-api-v1-6.3.1+554860db4c.jar to classpath.
[20:58:14] [main/DEBUG] (FabricLoader/Knot) Adding C:\Users\Peto\.gradle\caches\modules-2\files-2.1\net.fabricmc.fabric-api\fabric-permission-api-v1\1.0.0+f3e738be4c\67222d8951d4e68a26f7e42697ce7fdb3c4e8ce9\fabric-permission-api-v1-1.0.0+f3e738be4c.jar to classpath.
[20:58:14] [main/DEBUG] (FabricLoader/Knot) Adding C:\Users\Peto\.gradle\caches\modules-2\files-2.1\net.fabricmc.fabric-api\fabric-rendering-fluids-v1\6.0.1+d871b99e4c\fe53bab501b2a582517f39ede3e1514074e8de7\fabric-rendering-fluids-v1-6.0.1+d871b99e4c.jar to classpath.
[20:58:14] [main/DEBUG] (FabricLoader/Knot) Adding C:\Users\Peto\.gradle\caches\modules-2\files-2.1\net.fabricmc.fabric-api\fabric-tag-api-v1\2.1.1+371cf5db4c\f409197a792d47b79650bc993948cb5d4b0300c1\fabric-tag-api-v1-2.1.1+371cf5db4c.jar to classpath.
[20:58:14] [main/DEBUG] (FabricLoader/Knot) Adding C:\Users\Peto\.gradle\caches\modules-2\files-2.1\net.fabricmc.fabric-api\fabric-resource-loader-v0\3.3.17+4fc5413f4c\c2e496d77853c7fd1f2b3bd00b44e355dc6ba576\fabric-resource-loader-v0-3.3.17+4fc5413f4c.jar to classpath.
[20:58:14] [main/DEBUG] (FabricLoader/Knot) Adding C:\Users\Peto\.gradle\caches\modules-2\files-2.1\net.fabricmc.fabric-api\fabric-resource-loader-v1\2.0.10+7c44c7324c\bb44ca7ae64fe82666c2cd99920cdc017b15f368\fabric-resource-loader-v1-2.0.10+7c44c7324c.jar to classpath.
[20:58:14] [main/DEBUG] (FabricLoader/Knot) Adding C:\Users\Peto\.gradle\caches\modules-2\files-2.1\net.fabricmc.fabric-api\fabric-screen-api-v1\5.0.1+d871b99e4c\fecba1d91754428c2d1f5f2e4d25685de3a8f71f\fabric-screen-api-v1-5.0.1+d871b99e4c.jar to classpath.
[20:58:14] [main/DEBUG] (FabricLoader/Knot) Adding C:\Users\Peto\.gradle\caches\modules-2\files-2.1\net.fabricmc.fabric-api\fabric-api-base\2.0.3+ece063234c\bdf802883d0f9c1034c436367ab2c7e04ce34ca6\fabric-api-base-2.0.3+ece063234c.jar to classpath.
[20:58:14] [main/DEBUG] (FabricLoader/Knot) Adding C:\Users\Peto\.gradle\caches\modules-2\files-2.1\net.fabricmc.fabric-api\fabric-biome-api-v1\18.0.4+35c80edc4c\c82be6aa7922f3212e1bac9441b25a7faa21c057\fabric-biome-api-v1-18.0.4+35c80edc4c.jar to classpath.
[20:58:14] [main/DEBUG] (FabricLoader/Knot) Adding C:\Users\Peto\.gradle\caches\modules-2\files-2.1\net.fabricmc.fabric-api\fabric-block-api-v1\3.0.2+ec56b6014c\f5f91f5b317b7acd3014677dd909b55ebc4097b2\fabric-block-api-v1-3.0.2+ec56b6014c.jar to classpath.
[20:58:14] [main/DEBUG] (FabricLoader/Knot) Adding C:\Users\Peto\.gradle\caches\modules-2\files-2.1\net.fabricmc.fabric-api\fabric-block-getter-api-v2\2.0.6+ec56b6014c\caabc9eb2f3823864682da5a1c5381a035c00d5f\fabric-block-getter-api-v2-2.0.6+ec56b6014c.jar to classpath.
[20:58:14] [main/DEBUG] (FabricLoader/Knot) Adding C:\Users\Peto\.gradle\caches\modules-2\files-2.1\net.fabricmc.fabric-api\fabric-client-gametest-api-v1\5.0.16+cef2a4834c\3f63763d1230c87b2c43aa84c88916fce323687a\fabric-client-gametest-api-v1-5.0.16+cef2a4834c.jar to classpath.
[20:58:14] [main/DEBUG] (FabricLoader/Knot) Adding C:\Users\Peto\.gradle\caches\modules-2\files-2.1\net.fabricmc.fabric-api\fabric-crash-report-info-v1\1.0.3+9f78a5a84c\8af0277ba9afc03c6882490db447d40d55ebcedb\fabric-crash-report-info-v1-1.0.3+9f78a5a84c.jar to classpath.
[20:58:14] [main/DEBUG] (FabricLoader/Knot) Adding C:\Users\Peto\.gradle\caches\modules-2\files-2.1\net.fabricmc.fabric-api\fabric-key-mapping-api-v1\2.0.4+e2bdee784c\b098e3e06b71a0fec9d18843ba9327f038b7cd5\fabric-key-mapping-api-v1-2.0.4+e2bdee784c.jar to classpath.
[20:58:14] [main/DEBUG] (FabricLoader/Knot) Adding C:\Users\Peto\.gradle\caches\modules-2\files-2.1\net.fabricmc.fabric-api\fabric-resource-conditions-api-v1\6.0.5+00a1fba64c\a8ca3e526e0825ee71a36a317cf5c33f0cda0e96\fabric-resource-conditions-api-v1-6.0.5+00a1fba64c.jar to classpath.
[20:58:14] [main/DEBUG] (FabricLoader/Knot) Adding C:\Users\Peto\.gradle\caches\modules-2\files-2.1\net.fabricmc.fabric-api\fabric-serialization-api-v1\2.0.3+11a26f314c\55fc25d96a2a848b93a02f48220dff0181ec3056\fabric-serialization-api-v1-2.0.3+11a26f314c.jar to classpath.
[20:58:14] [main/DEBUG] (FabricLoader/Knot) Adding C:\Users\Peto\.gradle\caches\modules-2\files-2.1\net.fabricmc.fabric-api\fabric-sound-api-v1\2.0.4+11a26f314c\b63ce87810bc5aa495cb39be7efd2b07e6772822\fabric-sound-api-v1-2.0.4+11a26f314c.jar to classpath.
[20:58:14] [main/DEBUG] (FabricLoader/Knot) Adding C:\Users\Peto\.gradle\caches\modules-2\files-2.1\net.fabricmc.fabric-api\fabric-transitive-access-wideners-v1\8.1.1+7f80f93d4c\f2c5df8d0601978094cc557b78b3c5aafcc4f40f\fabric-transitive-access-wideners-v1-8.1.1+7f80f93d4c.jar to classpath.
[20:58:14] [main/DEBUG] (FabricLoader/Entrypoint) No subscribers for entrypoint 'preLaunch'
[20:58:14] [main/DEBUG] (FabricLoader/Mixin) Preparing mixins for MixinEnvironment[DEFAULT]
[20:58:14] [main/DEBUG] (FabricLoader/Mixin) Selecting config fabric-entity-events-v1.mixins.json
[20:58:14] [main/DEBUG] (FabricLoader/Mixin) Selecting config fabric-biome-api-v1.mixins.json
[20:58:14] [main/DEBUG] (FabricLoader/Mixin) Selecting config fabric-networking-api-v1.mixins.json
[20:58:14] [main/DEBUG] (FabricLoader/Mixin) Selecting config fabric-data-generation-api-v1.mixins.json
[20:58:14] [main/DEBUG] (FabricLoader/Mixin) Selecting config fabric-api-lookup-api-v1.mixins.json
[20:58:14] [main/DEBUG] (FabricLoader/Mixin) Selecting config chatmod.mixins.json
[20:58:14] [main/DEBUG] (FabricLoader/Mixin) Selecting config fabric-menu-api-v1.mixins.json
[20:58:14] [main/DEBUG] (FabricLoader/Mixin) Selecting config fabric-data-attachment-api-v1.mixins.json
[20:58:14] [main/DEBUG] (FabricLoader/Mixin) Selecting config fabric-crash-report-info-v1.mixins.json
[20:58:14] [main/DEBUG] (FabricLoader/Mixin) Selecting config fabric-resource-conditions-api-v1.mixins.json
[20:58:14] [main/DEBUG] (FabricLoader/Mixin) Selecting config fabric-content-registries-v0.mixins.json
[20:58:14] [main/DEBUG] (FabricLoader/Mixin) Selecting config fabric-recipe-api-v1.mixins.json
[20:58:14] [main/DEBUG] (FabricLoader/Mixin) Selecting config fabric-convention-tags-api-v2.mixins.json
[20:58:14] [main/DEBUG] (FabricLoader/Mixin) Selecting config mixinextras.init.mixins.json
[20:58:14] [main/DEBUG] (FabricLoader/MixinExtras|Service) com.llamalad7.mixinextras.service.MixinExtrasServiceImpl(version=0.5.4) is taking over from null
[20:58:14] [main/DEBUG] (FabricLoader/Mixin) Registering new injector for @Inject with org.spongepowered.asm.mixin.injection.struct.CallbackInjectionInfo
[20:58:14] [main/DEBUG] (FabricLoader/Mixin) Registering new injector for @ModifyArg with org.spongepowered.asm.mixin.injection.struct.ModifyArgInjectionInfo
[20:58:14] [main/DEBUG] (FabricLoader/Mixin) Registering new injector for @ModifyArgs with org.spongepowered.asm.mixin.injection.struct.ModifyArgsInjectionInfo
[20:58:14] [main/DEBUG] (FabricLoader/Mixin) Registering new injector for @Redirect with org.spongepowered.asm.mixin.injection.struct.RedirectInjectionInfo
[20:58:14] [main/DEBUG] (FabricLoader/Mixin) Registering new injector for @ModifyVariable with org.spongepowered.asm.mixin.injection.struct.ModifyVariableInjectionInfo
[20:58:14] [main/DEBUG] (FabricLoader/Mixin) Registering new injector for @ModifyConstant with org.spongepowered.asm.mixin.injection.struct.ModifyConstantInjectionInfo
[20:58:14] [main/DEBUG] (FabricLoader/Mixin) Selecting config fabric-resource-loader-v1.mixins.json
[20:58:14] [main/DEBUG] (FabricLoader/Mixin) Selecting config fabric-block-getter-api-v2.mixins.json
[20:58:14] [main/DEBUG] (FabricLoader/Mixin) Selecting config fabric-block-api-v1.mixins.json
[20:58:14] [main/DEBUG] (FabricLoader/Mixin) Selecting config fabric-events-interaction-v0.mixins.json
[20:58:14] [main/DEBUG] (FabricLoader/Mixin) Selecting config fabric-creative-tab-api-v1.mixins.json
[20:58:14] [main/DEBUG] (FabricLoader/Mixin) Selecting config fabric-registry-sync-v0.mixins.json
[20:58:14] [main/DEBUG] (FabricLoader/Mixin) Selecting config fabric-object-builder-v1.mixins.json
[20:58:14] [main/DEBUG] (FabricLoader/Mixin) Selecting config fabric-serialization-api-v1.mixins.json
[20:58:14] [main/DEBUG] (FabricLoader/Mixin) Selecting config fabric-permission-api-v1.mixins.json
[20:58:14] [main/DEBUG] (FabricLoader/Mixin) Selecting config fabric-transfer-api-v1.mixins.json
[20:58:14] [main/DEBUG] (FabricLoader/Mixin) Selecting config fabric-lifecycle-events-v1.mixins.json
[20:58:14] [main/DEBUG] (FabricLoader/Mixin) Selecting config fabric-tag-api-v1.mixins.json
[20:58:14] [main/DEBUG] (FabricLoader/Mixin) Selecting config fabric-message-api-v1.mixins.json
[20:58:14] [main/DEBUG] (FabricLoader/Mixin) Selecting config fabric-dimensions-v1.mixins.json
[20:58:14] [main/DEBUG] (FabricLoader/Mixin) Selecting config fabric-game-rule-api-v1.mixins.json
[20:58:14] [main/DEBUG] (FabricLoader/Mixin) Selecting config fabric-gametest-api-v1.mixins.json
[20:58:14] [main/DEBUG] (FabricLoader/Mixin) Selecting config fabric-debug-api-v1.mixins.json
[20:58:14] [main/DEBUG] (FabricLoader/Mixin) Selecting config fabric-item-api-v1.mixins.json
[20:58:14] [main/DEBUG] (FabricLoader/Mixin) Selecting config fabric-command-api-v2.mixins.json
[20:58:14] [main/DEBUG] (FabricLoader/Mixin) Selecting config fabric-loot-api-v3.mixins.json
[20:58:14] [main/DEBUG] (FabricLoader/Mixin) Selecting config fabric-particles-v1.mixins.json
[20:58:14] [main/DEBUG] (FabricLoader/Mixin) Preparing fabric-entity-events-v1.mixins.json (13)
[20:58:14] [main/DEBUG] (FabricLoader/Mixin) Preparing fabric-biome-api-v1.mixins.json (9)
[20:58:14] [main/DEBUG] (FabricLoader/Mixin) Preparing fabric-networking-api-v1.mixins.json (28)
[20:58:15] [main/DEBUG] (FabricLoader/Mixin) Preparing fabric-data-generation-api-v1.mixins.json (19)
[20:58:15] [main/DEBUG] (FabricLoader/Mixin) Preparing fabric-api-lookup-api-v1.mixins.json (2)
[20:58:15] [main/DEBUG] (FabricLoader/Mixin) Preparing chatmod.mixins.json (1)
[20:58:15] [main/DEBUG] (FabricLoader/Mixin) Preparing fabric-menu-api-v1.mixins.json (2)
[20:58:15] [main/DEBUG] (FabricLoader/Mixin) Preparing fabric-data-attachment-api-v1.mixins.json (18)
[20:58:15] [main/DEBUG] (FabricLoader/Mixin) Preparing fabric-crash-report-info-v1.mixins.json (2)
[20:58:15] [main/DEBUG] (FabricLoader/Mixin) Preparing fabric-resource-conditions-api-v1.mixins.json (8)
[20:58:15] [main/DEBUG] (FabricLoader/Mixin) Preparing fabric-content-registries-v0.mixins.json (24)
[20:58:15] [main/DEBUG] (FabricLoader/Mixin) Preparing fabric-recipe-api-v1.mixins.json (8)
[20:58:15] [main/DEBUG] (FabricLoader/Mixin) Preparing fabric-convention-tags-api-v2.mixins.json (1)
[20:58:15] [main/DEBUG] (FabricLoader/Mixin) Preparing mixinextras.init.mixins.json (0)
[20:58:15] [main/DEBUG] (FabricLoader/Mixin) Preparing fabric-resource-loader-v1.mixins.json (15)
[20:58:15] [main/DEBUG] (FabricLoader/Mixin) Preparing fabric-block-getter-api-v2.mixins.json (3)
[20:58:15] [main/DEBUG] (FabricLoader/Mixin) Preparing fabric-block-api-v1.mixins.json (6)
[20:58:15] [main/DEBUG] (FabricLoader/Mixin) Preparing fabric-events-interaction-v0.mixins.json (8)
[20:58:15] [main/DEBUG] (FabricLoader/Mixin) Preparing fabric-creative-tab-api-v1.mixins.json (3)
[20:58:15] [main/DEBUG] (FabricLoader/Mixin) Preparing fabric-registry-sync-v0.mixins.json (16)
[20:58:15] [main/DEBUG] (FabricLoader/Mixin) Preparing fabric-object-builder-v1.mixins.json (9)
[20:58:15] [main/DEBUG] (FabricLoader/Mixin) Preparing fabric-serialization-api-v1.mixins.json (4)
[20:58:15] [main/DEBUG] (FabricLoader/Mixin) Preparing fabric-permission-api-v1.mixins.json (2)
[20:58:15] [main/DEBUG] (FabricLoader/Mixin) Preparing fabric-transfer-api-v1.mixins.json (18)
[20:58:15] [main/DEBUG] (FabricLoader/Mixin) Preparing fabric-lifecycle-events-v1.mixins.json (14)
[20:58:15] [main/DEBUG] (FabricLoader/Mixin) Preparing fabric-tag-api-v1.mixins.json (8)
[20:58:15] [main/DEBUG] (FabricLoader/Mixin) Preparing fabric-message-api-v1.mixins.json (2)
[20:58:15] [main/DEBUG] (FabricLoader/Mixin) Preparing fabric-dimensions-v1.mixins.json (7)
[20:58:15] [main/DEBUG] (FabricLoader/Mixin) Preparing fabric-game-rule-api-v1.mixins.json (5)
[20:58:15] [main/DEBUG] (FabricLoader/Mixin) Preparing fabric-gametest-api-v1.mixins.json (4)
[20:58:15] [main/DEBUG] (FabricLoader/Mixin) Preparing fabric-debug-api-v1.mixins.json (2)
[20:58:15] [main/DEBUG] (FabricLoader/Mixin) Preparing fabric-item-api-v1.mixins.json (18)
[20:58:15] [main/DEBUG] (FabricLoader/Mixin) Preparing fabric-command-api-v2.mixins.json (5)
[20:58:15] [main/DEBUG] (FabricLoader/Mixin) Preparing fabric-loot-api-v3.mixins.json (8)
[20:58:15] [main/DEBUG] (FabricLoader/Mixin) Preparing fabric-particles-v1.mixins.json (8)
[20:58:15] [main/DEBUG] (FabricLoader/Mixin) Inner class net/fabricmc/fabric/mixin/creativetab/CreativeModeTabsMixin$1CreativeModeTabPosition in net/fabricmc/fabric/mixin/creativetab/CreativeModeTabsMixin on net/minecraft/world/item/CreativeModeTabs gets unique name net/minecraft/world/item/CreativeModeTabs$1CreativeModeTabPosition$0e98f82501ab3a9692342fe737dd0eec
[20:58:15] [main/DEBUG] (FabricLoader/Mixin) Inner class net/fabricmc/fabric/mixin/registry/sync/MappedRegistryMixin$1 in net/fabricmc/fabric/mixin/registry/sync/MappedRegistryMixin on net/minecraft/core/MappedRegistry gets unique name net/minecraft/core/MappedRegistry$Anonymous$0a3f9fa0a200368cad403406b73f8d7f
[20:58:15] [main/DEBUG] (FabricLoader/Mixin) Inner class net/fabricmc/fabric/mixin/transfer/ChiseledBookShelfBlockEntityMixin$1 in net/fabricmc/fabric/mixin/transfer/ChiseledBookShelfBlockEntityMixin on net/minecraft/world/level/block/entity/ChiseledBookShelfBlockEntity gets unique name net/minecraft/world/level/block/entity/ChiseledBookShelfBlockEntity$Anonymous$6b8fabc9a3dd3f94be74f1199f97fdb5
[20:58:15] [main/DEBUG] (FabricLoader/Mixin) Inner class net/fabricmc/fabric/mixin/gametest/StructureTemplateManagerMixin$1 in net/fabricmc/fabric/mixin/gametest/StructureTemplateManagerMixin on net/minecraft/world/level/levelgen/structure/templatesystem/StructureTemplateManager gets unique name net/minecraft/world/level/levelgen/structure/templatesystem/StructureTemplateManager$Anonymous$2385a326ce863bc0bf2a11ea898a45b4
[20:58:15] [main/DEBUG] (FabricLoader/Mixin) Prepared 299 mixins in 0.462 sec (1.5ms avg) (0ms load, 0ms transform, 0ms plugin)
[20:58:15] [main/INFO] (FabricLoader/MixinExtras|Service) Initializing MixinExtras via com.llamalad7.mixinextras.service.MixinExtrasServiceImpl(version=0.5.4).
[20:58:15] [main/DEBUG] (FabricLoader/Mixin) Registering new injector for @SugarWrapper with com.llamalad7.mixinextras.sugar.impl.SugarWrapperInjectionInfo
[20:58:15] [main/DEBUG] (FabricLoader/Mixin) Registering new injector for @FactoryRedirectWrapper with com.llamalad7.mixinextras.wrapper.factory.FactoryRedirectWrapperInjectionInfo
[20:58:15] [main/DEBUG] (FabricLoader/Mixin) Registering new injector for @ExpressionInjectorWrapper with com.llamalad7.mixinextras.expression.impl.wrapper.ExpressionInjectorWrapperInjectionInfo
[20:58:15] [main/DEBUG] (FabricLoader/Mixin) Mixing server.MainMixin from fabric-data-generation-api-v1.mixins.json into net.minecraft.server.Main
[20:58:15] [main/DEBUG] (FabricLoader/Mixin) Mixing MainMixin from fabric-registry-sync-v0.mixins.json into net.minecraft.server.Main
[20:58:15] [main/DEBUG] (FabricLoader/Mixin) Mixing server.MainMixin from fabric-gametest-api-v1.mixins.json into net.minecraft.server.Main
[20:58:15] [main/DEBUG] (FabricLoader/Mixin) fabric-data-generation-api-v1.mixins.json:server.MainMixin from mod fabric-data-generation-api-v1->@Inject::main([Ljava/lang/String;Lorg/spongepowered/asm/mixin/injection/callback/CallbackInfo;)V does use it's CallbackInfo
[20:58:15] [main/DEBUG] (FabricLoader/Mixin) fabric-registry-sync-v0.mixins.json:MainMixin from mod fabric-registry-sync-v0->@Inject::afterModInit(Lorg/spongepowered/asm/mixin/injection/callback/CallbackInfo;)V doesn't use it's CallbackInfo
[20:58:15] [main/DEBUG] (FabricLoader/Mixin) fabric-gametest-api-v1.mixins.json:server.MainMixin from mod fabric-gametest-api-v1->@Inject::main([Ljava/lang/String;Lorg/spongepowered/asm/mixin/injection/callback/CallbackInfo;)V does use it's CallbackInfo
[20:58:15] [main/DEBUG] (FabricLoader/Mixin) fabric-gametest-api-v1.mixins.json:server.MainMixin from mod fabric-gametest-api-v1->@Inject::exitOnError(Lorg/spongepowered/asm/mixin/injection/callback/CallbackInfo;)V doesn't use it's CallbackInfo
[20:58:15] [main/DEBUG] (io.netty.util.internal.logging.InternalLoggerFactory) Using SLF4J as the default logging framework
[20:58:15] [main/DEBUG] (io.netty.util.ResourceLeakDetector) -Dio.netty.leakDetection.level: simple
[20:58:15] [main/DEBUG] (io.netty.util.ResourceLeakDetector) -Dio.netty.leakDetection.targetRecords: 4
[20:58:15] [main/DEBUG] (FabricLoader/Mixin) Mixing SystemReportMixin from fabric-crash-report-info-v1.mixins.json into net.minecraft.SystemReport
[20:58:15] [main/DEBUG] (FabricLoader/Mixin) Renaming synthetic method lambda$appendMods$0(Lnet/fabricmc/loader/api/ModContainer;)Ljava/lang/String; to mdb6a30c$fabric-crash-report-info-v1$lambda$appendMods$0$0 in fabric-crash-report-info-v1.mixins.json:SystemReportMixin from mod fabric-crash-report-info-v1
[20:58:15] [main/DEBUG] (FabricLoader/Mixin) Renaming synthetic method lambda$fillSystemDetails$0()Ljava/lang/String; to mdb6a30c$fabric-crash-report-info-v1$lambda$fillSystemDetails$0$1 in fabric-crash-report-info-v1.mixins.json:SystemReportMixin from mod fabric-crash-report-info-v1
[20:58:15] [main/DEBUG] (FabricLoader/Mixin) fabric-crash-report-info-v1.mixins.json:SystemReportMixin from mod fabric-crash-report-info-v1->@Inject::fillSystemDetails(Lorg/spongepowered/asm/mixin/injection/callback/CallbackInfo;)V doesn't use it's CallbackInfo
[20:58:15] [main/DEBUG] (FabricLoader/Mixin) fabric-crash-report-info-v1.mixins.json:SystemReportMixin from mod fabric-crash-report-info-v1->@Inject::fillSystemDetails(Lorg/spongepowered/asm/mixin/injection/callback/CallbackInfo;)V has 0 override(s) in child classes
[20:58:15] [main/DEBUG] (FabricLoader/Mixin) fabric-crash-report-info-v1.mixins.json:SystemReportMixin from mod fabric-crash-report-info-v1->@Inject::fillSystemDetails(Lorg/spongepowered/asm/mixin/injection/callback/CallbackInfo;)V won't be passed a CallbackInfo as a result
[20:58:16] [main/DEBUG] (FabricLoader/Mixin) Mixing BootstrapMixin from fabric-registry-sync-v0.mixins.json into net.minecraft.server.Bootstrap
[20:58:16] [main/DEBUG] (FabricLoader/Mixin) Renaming synthetic method lambda$afterInitialize$1(Lnet/minecraft/world/level/material/Fluid;)Ljava/util/Collection; to mdb6a30c$fabric-registry-sync-v0$lambda$afterInitialize$1$0 in fabric-registry-sync-v0.mixins.json:BootstrapMixin from mod fabric-registry-sync-v0
[20:58:16] [main/DEBUG] (FabricLoader/Mixin) Renaming synthetic method lambda$afterInitialize$0(Lnet/minecraft/world/level/block/Block;)Ljava/util/Collection; to mdb6a30c$fabric-registry-sync-v0$lambda$afterInitialize$0$1 in fabric-registry-sync-v0.mixins.json:BootstrapMixin from mod fabric-registry-sync-v0
[20:58:16] [main/DEBUG] (FabricLoader/Mixin) fabric-registry-sync-v0.mixins.json:BootstrapMixin from mod fabric-registry-sync-v0->@Inject::afterInitialize(Lorg/spongepowered/asm/mixin/injection/callback/CallbackInfo;)V doesn't use it's CallbackInfo
[20:58:16] [main/DEBUG] (FabricLoader/Mixin) Mixing RegistryMixin from fabric-registry-sync-v0.mixins.json into net.minecraft.core.Registry
[20:58:16] [main/DEBUG] (FabricLoader/Mixin) Mixing BuiltInRegistriesAccessor from fabric-registry-sync-v0.mixins.json into net.minecraft.core.registries.BuiltInRegistries
[20:58:16] [main/DEBUG] (FabricLoader/Mixin) Renaming @Accessor method getWRITABLE_REGISTRY()Lnet/minecraft/core/WritableRegistry; to getWRITABLE_REGISTRY$fabric-registry-sync-v0_$md$b6a30c$0 in fabric-registry-sync-v0.mixins.json:BuiltInRegistriesAccessor from mod fabric-registry-sync-v0
[20:58:16] [main/DEBUG] (FabricLoader/Mixin) Mixing BuiltInRegistriesMixin from fabric-registry-sync-v0.mixins.json into net.minecraft.core.registries.BuiltInRegistries
[20:58:16] [main/DEBUG] (FabricLoader/Mixin) Mixing BuiltInRegistriesMixin from fabric-item-api-v1.mixins.json into net.minecraft.core.registries.BuiltInRegistries
[20:58:16] [main/DEBUG] (FabricLoader/Mixin) fabric-registry-sync-v0.mixins.json:BuiltInRegistriesMixin from mod fabric-registry-sync-v0->@Inject::init(Lorg/spongepowered/asm/mixin/injection/callback/CallbackInfo;)V does use it's CallbackInfo
[20:58:16] [main/DEBUG] (FabricLoader/Mixin) fabric-item-api-v1.mixins.json:BuiltInRegistriesMixin from mod fabric-item-api-v1->@Inject::modifyDefaultItemComponents(Lorg/spongepowered/asm/mixin/injection/callback/CallbackInfo;)V doesn't use it's CallbackInfo
[20:58:16] [main/DEBUG] (FabricLoader/Mixin) Mixing MappedRegistryAccessor from fabric-registry-sync-v0.mixins.json into net.minecraft.core.MappedRegistry
[20:58:16] [main/DEBUG] (FabricLoader/Mixin) Mixing MappedRegistryMixin from fabric-registry-sync-v0.mixins.json into net.minecraft.core.MappedRegistry
[20:58:16] [main/DEBUG] (FabricLoader/Mixin) Renaming synthetic method lambda$remap$0()Lnet/fabricmc/fabric/impl/registry/sync/RemapException; to mdb6a30c$fabric-registry-sync-v0$lambda$remap$0$0 in fabric-registry-sync-v0.mixins.json:MappedRegistryMixin from mod fabric-registry-sync-v0
[20:58:16] [main/DEBUG] (FabricLoader/Mixin) Renaming synthetic method lambda$init$3([Lnet/fabricmc/fabric/api/event/registry/RegistryIdRemapCallback;)Lnet/fabricmc/fabric/api/event/registry/RegistryIdRemapCallback; to mdb6a30c$fabric-registry-sync-v0$lambda$init$3$1 in fabric-registry-sync-v0.mixins.json:MappedRegistryMixin from mod fabric-registry-sync-v0
[20:58:16] [main/DEBUG] (FabricLoader/Mixin) Renaming synthetic method lambda$init$4([Lnet/fabricmc/fabric/api/event/registry/RegistryIdRemapCallback;Lnet/fabricmc/fabric/api/event/registry/RegistryIdRemapCallback$RemapState;)V to mdb6a30c$fabric-registry-sync-v0$lambda$init$4$2 in fabric-registry-sync-v0.mixins.json:MappedRegistryMixin from mod fabric-registry-sync-v0
[20:58:16] [main/DEBUG] (FabricLoader/Mixin) Renaming synthetic method lambda$init$2(ILnet/minecraft/resources/Identifier;Ljava/lang/Object;)V to mdb6a30c$fabric-registry-sync-v0$lambda$init$2$3 in fabric-registry-sync-v0.mixins.json:MappedRegistryMixin from mod fabric-registry-sync-v0
[20:58:16] [main/DEBUG] (FabricLoader/Mixin) Renaming synthetic method lambda$init$0([Lnet/fabricmc/fabric/api/event/registry/RegistryEntryAddedCallback;)Lnet/fabricmc/fabric/api/event/registry/RegistryEntryAddedCallback; to mdb6a30c$fabric-registry-sync-v0$lambda$init$0$4 in fabric-registry-sync-v0.mixins.json:MappedRegistryMixin from mod fabric-registry-sync-v0
[20:58:16] [main/DEBUG] (FabricLoader/Mixin) Renaming synthetic method lambda$init$1([Lnet/fabricmc/fabric/api/event/registry/RegistryEntryAddedCallback;ILnet/minecraft/resources/Identifier;Ljava/lang/Object;)V to mdb6a30c$fabric-registry-sync-v0$lambda$init$1$5 in fabric-registry-sync-v0.mixins.json:MappedRegistryMixin from mod fabric-registry-sync-v0
[20:58:16] [main/DEBUG] (FabricLoader/Mixin) Mixing MappedRegistryMixin from fabric-tag-api-v1.mixins.json into net.minecraft.core.MappedRegistry
[20:58:16] [main/DEBUG] (FabricLoader/Mixin) Mixing MappedRegistryAccessor from fabric-dimensions-v1.mixins.json into net.minecraft.core.MappedRegistry
[20:58:16] [main/DEBUG] (FabricLoader/Mixin) fabric-registry-sync-v0.mixins.json:MappedRegistryMixin from mod fabric-registry-sync-v0->@Inject::init(Lnet/minecraft/resources/ResourceKey;Lcom/mojang/serialization/Lifecycle;ZLorg/spongepowered/asm/mixin/injection/callback/CallbackInfo;)V doesn't use it's CallbackInfo
[20:58:16] [main/DEBUG] (FabricLoader/Mixin) fabric-registry-sync-v0.mixins.json:MappedRegistryMixin from mod fabric-registry-sync-v0->@Inject::init(Lnet/minecraft/resources/ResourceKey;Lcom/mojang/serialization/Lifecycle;ZLorg/spongepowered/asm/mixin/injection/callback/CallbackInfo;)V has 0 override(s) in child classes
[20:58:16] [main/DEBUG] (FabricLoader/Mixin) fabric-registry-sync-v0.mixins.json:MappedRegistryMixin from mod fabric-registry-sync-v0->@Inject::init(Lnet/minecraft/resources/ResourceKey;Lcom/mojang/serialization/Lifecycle;ZLorg/spongepowered/asm/mixin/injection/callback/CallbackInfo;)V won't be passed a CallbackInfo as a result
[20:58:16] [main/DEBUG] (FabricLoader/Mixin) fabric-registry-sync-v0.mixins.json:MappedRegistryMixin from mod fabric-registry-sync-v0->@Inject::set(Lnet/minecraft/resources/ResourceKey;Ljava/lang/Object;Lnet/minecraft/core/RegistrationInfo;Lorg/spongepowered/asm/mixin/injection/callback/CallbackInfoReturnable;)V does use it's CallbackInfoReturnable
[20:58:16] [main/DEBUG] (FabricLoader/Mixin) Mixing RegistriesMixin from fabric-registry-sync-v0.mixins.json into net.minecraft.core.registries.Registries
[20:58:16] [main/DEBUG] (FabricLoader/Mixin) Mixing DataComponentInitializersMixin from fabric-item-api-v1.mixins.json into net.minecraft.core.component.DataComponentInitializers
[20:58:16] [main/DEBUG] (FabricLoader/Mixin) Renaming synthetic method lambda$captureLookup$0(Lcom/llamalad7/mixinextras/injector/wrapoperation/Operation;Lnet/minecraft/core/HolderLookup$Provider;Lnet/minecraft/core/component/DataComponentInitializers$PendingComponentBuilders;)Lnet/minecraft/core/component/DataComponentInitializers$PendingComponents; to mdb6a30c$fabric-item-api-v1$lambda$captureLookup$0$0 in fabric-item-api-v1.mixins.json:DataComponentInitializersMixin from mod fabric-item-api-v1
[20:58:16] [main/DEBUG] (FabricLoader/Mixin) Mixing effect.MobEffectMixin from fabric-entity-events-v1.mixins.json into net.minecraft.world.effect.MobEffect
[20:58:16] [main/DEBUG] (FabricLoader/Mixin) Mixing ArgumentTypeInfosAccessor from fabric-command-api-v2.mixins.json into net.minecraft.commands.synchronization.ArgumentTypeInfos
[20:58:16] [main/DEBUG] (FabricLoader/Mixin) Renaming @Accessor method fabric_getClassMap()Ljava/util/Map; to fabric_getClassMap$fabric-command-api-v2_$md$b6a30c$0 in fabric-command-api-v2.mixins.json:ArgumentTypeInfosAccessor from mod fabric-command-api-v2
[20:58:16] [main/DEBUG] (FabricLoader/Mixin) Mixing CreativeModeTabsMixin from fabric-creative-tab-api-v1.mixins.json into net.minecraft.world.item.CreativeModeTabs
[20:58:16] [main/DEBUG] (FabricLoader/Mixin) Renaming synthetic method lambda$paginateTabs$0(Lnet/minecraft/core/Holder$Reference;Lnet/minecraft/core/Holder$Reference;)I to mdb6a30c$fabric-creative-tab-api-v1$lambda$paginateTabs$0$0 in fabric-creative-tab-api-v1.mixins.json:CreativeModeTabsMixin from mod fabric-creative-tab-api-v1
[20:58:16] [main/DEBUG] (FabricLoader/Mixin) fabric-creative-tab-api-v1.mixins.json:CreativeModeTabsMixin from mod fabric-creative-tab-api-v1->@Inject::deferDuplicateCheck(Lorg/spongepowered/asm/mixin/injection/callback/CallbackInfo;)V does use it's CallbackInfo
[20:58:16] [main/DEBUG] (FabricLoader/Mixin) fabric-creative-tab-api-v1.mixins.json:CreativeModeTabsMixin from mod fabric-creative-tab-api-v1->@Inject::paginateTabs(Lorg/spongepowered/asm/mixin/injection/callback/CallbackInfo;)V doesn't use it's CallbackInfo
[20:58:16] [main/DEBUG] (FabricLoader/Mixin) Mixing CreativeModeTabAccessor from fabric-creative-tab-api-v1.mixins.json into net.minecraft.world.item.CreativeModeTab
[20:58:16] [main/DEBUG] (FabricLoader/Mixin) Mixing CreativeModeTabMixin from fabric-creative-tab-api-v1.mixins.json into net.minecraft.world.item.CreativeModeTab
[20:58:16] [main/DEBUG] (FabricLoader/Mixin) Renaming synthetic method lambda$getStacks$0(Lnet/minecraft/world/item/CreativeModeTab;)Ljava/lang/IllegalStateException; to mdb6a30c$fabric-creative-tab-api-v1$lambda$getStacks$0$0 in fabric-creative-tab-api-v1.mixins.json:CreativeModeTabMixin from mod fabric-creative-tab-api-v1
[20:58:16] [main/DEBUG] (FabricLoader/Mixin) fabric-creative-tab-api-v1.mixins.json:CreativeModeTabMixin from mod fabric-creative-tab-api-v1->@Inject::getStacks(Lnet/minecraft/world/item/CreativeModeTab$ItemDisplayParameters;Lorg/spongepowered/asm/mixin/injection/callback/CallbackInfo;)V doesn't use it's CallbackInfo
[20:58:16] [main/DEBUG] (FabricLoader/Mixin) fabric-creative-tab-api-v1.mixins.json:CreativeModeTabMixin from mod fabric-creative-tab-api-v1->@Inject::getStacks(Lnet/minecraft/world/item/CreativeModeTab$ItemDisplayParameters;Lorg/spongepowered/asm/mixin/injection/callback/CallbackInfo;)V has 0 override(s) in child classes
[20:58:16] [main/DEBUG] (FabricLoader/Mixin) fabric-creative-tab-api-v1.mixins.json:CreativeModeTabMixin from mod fabric-creative-tab-api-v1->@Inject::getStacks(Lnet/minecraft/world/item/CreativeModeTab$ItemDisplayParameters;Lorg/spongepowered/asm/mixin/injection/callback/CallbackInfo;)V won't be passed a CallbackInfo as a result
[20:58:16] [main/DEBUG] (FabricLoader/Mixin) Mixing GameRuleMixin from fabric-game-rule-api-v1.mixins.json into net.minecraft.world.level.gamerules.GameRule
[20:58:16] [main/DEBUG] (FabricLoader/Mixin) Renaming synthetic method lambda$deserializeEnum$1(Ljava/lang/String;)Ljava/lang/String; to mdb6a30c$fabric-game-rule-api-v1$lambda$deserializeEnum$1$0 in fabric-game-rule-api-v1.mixins.json:GameRuleMixin from mod fabric-game-rule-api-v1
[20:58:16] [main/DEBUG] (FabricLoader/Mixin) Renaming synthetic method lambda$deserializeEnum$0(Ljava/lang/String;Ljava/lang/Class;)Ljava/lang/String; to mdb6a30c$fabric-game-rule-api-v1$lambda$deserializeEnum$0$1 in fabric-game-rule-api-v1.mixins.json:GameRuleMixin from mod fabric-game-rule-api-v1
[20:58:16] [main/DEBUG] (FabricLoader/Mixin) Mixing FireBlockMixin from fabric-content-registries-v0.mixins.json into net.minecraft.world.level.block.FireBlock
[20:58:16] [main/DEBUG] (FabricLoader/Mixin) fabric-content-registries-v0.mixins.json:FireBlockMixin from mod fabric-content-registries-v0->@Inject::afterConstruct(Lnet/minecraft/world/level/block/state/BlockBehaviour$Properties;Lorg/spongepowered/asm/mixin/injection/callback/CallbackInfo;)V doesn't use it's CallbackInfo
[20:58:16] [main/DEBUG] (FabricLoader/Mixin) fabric-content-registries-v0.mixins.json:FireBlockMixin from mod fabric-content-registries-v0->@Inject::afterConstruct(Lnet/minecraft/world/level/block/state/BlockBehaviour$Properties;Lorg/spongepowered/asm/mixin/injection/callback/CallbackInfo;)V has 0 override(s) in child classes
[20:58:16] [main/DEBUG] (FabricLoader/Mixin) fabric-content-registries-v0.mixins.json:FireBlockMixin from mod fabric-content-registries-v0->@Inject::afterConstruct(Lnet/minecraft/world/level/block/state/BlockBehaviour$Properties;Lorg/spongepowered/asm/mixin/injection/callback/CallbackInfo;)V won't be passed a CallbackInfo as a result
[20:58:16] [main/DEBUG] (FabricLoader/Mixin) fabric-content-registries-v0.mixins.json:FireBlockMixin from mod fabric-content-registries-v0->@Inject::getFabricBurnChance(Lnet/minecraft/world/level/block/state/BlockState;Lorg/spongepowered/asm/mixin/injection/callback/CallbackInfoReturnable;)V does use it's CallbackInfoReturnable
[20:58:16] [main/DEBUG] (FabricLoader/Mixin) fabric-content-registries-v0.mixins.json:FireBlockMixin from mod fabric-content-registries-v0->@Inject::getFabricSpreadChance(Lnet/minecraft/world/level/block/state/BlockState;Lorg/spongepowered/asm/mixin/injection/callback/CallbackInfoReturnable;)V does use it's CallbackInfoReturnable
[20:58:16] [main/DEBUG] (FabricLoader/Mixin) Mixing BlockMixin from fabric-block-api-v1.mixins.json into net.minecraft.world.level.block.Block
[20:58:16] [main/DEBUG] (FabricLoader/Mixin) Mixing BlockBehaviourAccessor from fabric-content-registries-v0.mixins.json into net.minecraft.world.level.block.state.BlockBehaviour
[20:58:16] [main/DEBUG] (FabricLoader/Mixin) Mixing BlockGetterMixin from fabric-block-getter-api-v2.mixins.json into net.minecraft.world.level.BlockGetter
[20:58:16] [main/DEBUG] (FabricLoader/Mixin) Mixing BlockStateMixin from fabric-block-api-v1.mixins.json into net.minecraft.world.level.block.state.BlockState
[20:58:16] [main/DEBUG] (FabricLoader/Mixin) Mixing BlockBehaviourBlockStateBaseMixin from fabric-content-registries-v0.mixins.json into net.minecraft.world.level.block.state.BlockBehaviour$BlockStateBase
[20:58:16] [main/DEBUG] (FabricLoader/Mixin) Mixing BlockBehaviourBlockStateBaseMixin from fabric-events-interaction-v0.mixins.json into net.minecraft.world.level.block.state.BlockBehaviour$BlockStateBase
[20:58:16] [main/DEBUG] (FabricLoader/Mixin) fabric-events-interaction-v0.mixins.json:BlockBehaviourBlockStateBaseMixin from mod fabric-events-interaction-v0->@Inject::callUseItemOnEvent(Lnet/minecraft/world/item/ItemStack;Lnet/minecraft/world/level/Level;Lnet/minecraft/world/entity/player/Player;Lnet/minecraft/world/InteractionHand;Lnet/minecraft/world/phys/BlockHitResult;Lorg/spongepowered/asm/mixin/injection/callback/CallbackInfoReturnable;)V does use it's CallbackInfoReturnable
[20:58:16] [main/DEBUG] (FabricLoader/Mixin) fabric-events-interaction-v0.mixins.json:BlockBehaviourBlockStateBaseMixin from mod fabric-events-interaction-v0->@Inject::callUseWithoutItemEvent(Lnet/minecraft/world/level/Level;Lnet/minecraft/world/entity/player/Player;Lnet/minecraft/world/phys/BlockHitResult;Lorg/spongepowered/asm/mixin/injection/callback/CallbackInfoReturnable;)V does use it's CallbackInfoReturnable
[20:58:16] [main/DEBUG] (FabricLoader/Mixin) Mixing EntityMixin from fabric-entity-events-v1.mixins.json into net.minecraft.world.entity.Entity
[20:58:16] [main/DEBUG] (FabricLoader/Mixin) Mixing AttachmentTargetsMixin from fabric-data-attachment-api-v1.mixins.json into net.minecraft.world.entity.Entity
[20:58:16] [main/DEBUG] (FabricLoader/Mixin) Renaming synthetic method lambda$fabric_updateSyncTarget$0(Lnet/fabricmc/fabric/impl/attachment/sync/AttachmentTargetInfo;Lnet/fabricmc/fabric/impl/attachment/sync/AttachmentTargetInfo;Lnet/fabricmc/fabric/api/attachment/v1/AttachmentType;Lnet/fabricmc/fabric/impl/attachment/sync/AttachmentChange;)Lnet/fabricmc/fabric/impl/attachment/sync/AttachmentChange; to mdb6a30c$fabric-data-attachment-api-v1$lambda$fabric_updateSyncTarget$0$0 in fabric-data-attachment-api-v1.mixins.json:AttachmentTargetsMixin from mod fabric-data-attachment-api-v1
[20:58:16] [main/DEBUG] (FabricLoader/Mixin) Renaming synthetic method lambda$fabric_sendAndClearDeferredSyncChanges$0(Lnet/fabricmc/fabric/api/attachment/v1/AttachmentType;)Lnet/fabricmc/fabric/impl/attachment/sync/AttachmentChange; to mdb6a30c$fabric-data-attachment-api-v1$lambda$fabric_sendAndClearDeferredSyncChanges$0$1 in fabric-data-attachment-api-v1.mixins.json:AttachmentTargetsMixin from mod fabric-data-attachment-api-v1
[20:58:16] [main/DEBUG] (FabricLoader/Mixin) Renaming synthetic method lambda$fabric_readAttachmentsFromNbt$0(Lnet/fabricmc/fabric/api/attachment/v1/AttachmentType;Ljava/lang/Object;)V to mdb6a30c$fabric-data-attachment-api-v1$lambda$fabric_readAttachmentsFromNbt$0$2 in fabric-data-attachment-api-v1.mixins.json:AttachmentTargetsMixin from mod fabric-data-attachment-api-v1
[20:58:16] [main/DEBUG] (FabricLoader/Mixin) Renaming synthetic method lambda$onAttachedSet$0(Lnet/fabricmc/fabric/api/attachment/v1/AttachmentType;)Lnet/fabricmc/fabric/api/event/Event; to mdb6a30c$fabric-data-attachment-api-v1$lambda$onAttachedSet$0$3 in fabric-data-attachment-api-v1.mixins.json:AttachmentTargetsMixin from mod fabric-data-attachment-api-v1
[20:58:16] [main/DEBUG] (FabricLoader/Mixin) Renaming synthetic method lambda$onAttachedSet$1([Lnet/fabricmc/fabric/api/attachment/v1/AttachmentTarget$OnAttachedSet;)Lnet/fabricmc/fabric/api/attachment/v1/AttachmentTarget$OnAttachedSet; to mdb6a30c$fabric-data-attachment-api-v1$lambda$onAttachedSet$1$4 in fabric-data-attachment-api-v1.mixins.json:AttachmentTargetsMixin from mod fabric-data-attachment-api-v1
[20:58:16] [main/DEBUG] (FabricLoader/Mixin) Renaming synthetic method lambda$onAttachedSet$2([Lnet/fabricmc/fabric/api/attachment/v1/AttachmentTarget$OnAttachedSet;Ljava/lang/Object;Ljava/lang/Object;)V to mdb6a30c$fabric-data-attachment-api-v1$lambda$onAttachedSet$2$5 in fabric-data-attachment-api-v1.mixins.json:AttachmentTargetsMixin from mod fabric-data-attachment-api-v1
[20:58:16] [main/DEBUG] (FabricLoader/Mixin) Mixing EntityMixin from fabric-data-attachment-api-v1.mixins.json into net.minecraft.world.entity.Entity
[20:58:16] [main/DEBUG] (FabricLoader/Mixin) Renaming synthetic method lambda$fabric_syncChange$0(Lnet/fabricmc/fabric/api/attachment/v1/AttachmentSyncPredicate;Lnet/fabricmc/fabric/impl/attachment/sync/AttachmentChange;Lnet/minecraft/server/level/ServerPlayer;)V to mdb6a30c$fabric-data-attachment-api-v1$lambda$fabric_syncChange$0$6 in fabric-data-attachment-api-v1.mixins.json:EntityMixin from mod fabric-data-attachment-api-v1
[20:58:16] [main/DEBUG] (FabricLoader/Mixin) Mixing fluid.EntityAccessor from fabric-content-registries-v0.mixins.json into net.minecraft.world.entity.Entity
[20:58:16] [main/DEBUG] (FabricLoader/Mixin) Mixing fluid.EntityMixin from fabric-content-registries-v0.mixins.json into net.minecraft.world.entity.Entity
[20:58:16] [main/DEBUG] (FabricLoader/Mixin) Mixing EntityMixin from fabric-permission-api-v1.mixins.json into net.minecraft.world.entity.Entity
[20:58:16] [main/DEBUG] (FabricLoader/Mixin) Mixing EntityMixin from fabric-lifecycle-events-v1.mixins.json into net.minecraft.world.entity.Entity
[20:58:16] [main/DEBUG] (FabricLoader/Mixin) Mixing EntityMixin from fabric-debug-api-v1.mixins.json into net.minecraft.world.entity.Entity
[20:58:16] [main/DEBUG] (FabricLoader/Mixin) Mixing EntityMixin from fabric-particles-v1.mixins.json into net.minecraft.world.entity.Entity
[20:58:16] [main/DEBUG] (FabricLoader/Mixin) fabric-data-attachment-api-v1.mixins.json:EntityMixin from mod fabric-data-attachment-api-v1->@Inject::readEntityAttachments(Lnet/minecraft/world/level/storage/ValueInput;Lorg/spongepowered/asm/mixin/injection/callback/CallbackInfo;)V doesn't use it's CallbackInfo
[20:58:16] [main/DEBUG] (FabricLoader/Mixin) fabric-data-attachment-api-v1.mixins.json:EntityMixin from mod fabric-data-attachment-api-v1->@Inject::readEntityAttachments(Lnet/minecraft/world/level/storage/ValueInput;Lorg/spongepowered/asm/mixin/injection/callback/CallbackInfo;)V has 0 override(s) in child classes
[20:58:16] [main/DEBUG] (FabricLoader/Mixin) fabric-data-attachment-api-v1.mixins.json:EntityMixin from mod fabric-data-attachment-api-v1->@Inject::readEntityAttachments(Lnet/minecraft/world/level/storage/ValueInput;Lorg/spongepowered/asm/mixin/injection/callback/CallbackInfo;)V won't be passed a CallbackInfo as a result
[20:58:16] [main/DEBUG] (FabricLoader/Mixin) fabric-data-attachment-api-v1.mixins.json:EntityMixin from mod fabric-data-attachment-api-v1->@Inject::writeEntityAttachments(Lnet/minecraft/world/level/storage/ValueOutput;Lorg/spongepowered/asm/mixin/injection/callback/CallbackInfo;)V doesn't use it's CallbackInfo
[20:58:16] [main/DEBUG] (FabricLoader/Mixin) fabric-data-attachment-api-v1.mixins.json:EntityMixin from mod fabric-data-attachment-api-v1->@Inject::writeEntityAttachments(Lnet/minecraft/world/level/storage/ValueOutput;Lorg/spongepowered/asm/mixin/injection/callback/CallbackInfo;)V has 0 override(s) in child classes
[20:58:16] [main/DEBUG] (FabricLoader/Mixin) fabric-data-attachment-api-v1.mixins.json:EntityMixin from mod fabric-data-attachment-api-v1->@Inject::writeEntityAttachments(Lnet/minecraft/world/level/storage/ValueOutput;Lorg/spongepowered/asm/mixin/injection/callback/CallbackInfo;)V won't be passed a CallbackInfo as a result
[20:58:16] [main/DEBUG] (FabricLoader/Mixin) fabric-data-attachment-api-v1.mixins.json:EntityMixin from mod fabric-data-attachment-api-v1->@Inject::setId(ILorg/spongepowered/asm/mixin/injection/callback/CallbackInfo;)V doesn't use it's CallbackInfo
[20:58:16] [main/DEBUG] (FabricLoader/Mixin) fabric-data-attachment-api-v1.mixins.json:EntityMixin from mod fabric-data-attachment-api-v1->@Inject::setId(ILorg/spongepowered/asm/mixin/injection/callback/CallbackInfo;)V has 0 override(s) in child classes
[20:58:16] [main/DEBUG] (FabricLoader/Mixin) fabric-data-attachment-api-v1.mixins.json:EntityMixin from mod fabric-data-attachment-api-v1->@Inject::setId(ILorg/spongepowered/asm/mixin/injection/callback/CallbackInfo;)V won't be passed a CallbackInfo as a result
[20:58:16] [main/DEBUG] (FabricLoader/Mixin) fabric-permission-api-v1.mixins.json:EntityMixin from mod fabric-permission-api-v1->@Inject::createPermissionContext(Lnet/minecraft/world/entity/EntityType;Lnet/minecraft/world/level/Level;Lorg/spongepowered/asm/mixin/injection/callback/CallbackInfo;)V doesn't use it's CallbackInfo
[20:58:16] [main/DEBUG] (FabricLoader/Mixin) fabric-permission-api-v1.mixins.json:EntityMixin from mod fabric-permission-api-v1->@Inject::createPermissionContext(Lnet/minecraft/world/entity/EntityType;Lnet/minecraft/world/level/Level;Lorg/spongepowered/asm/mixin/injection/callback/CallbackInfo;)V has 0 override(s) in child classes
[20:58:16] [main/DEBUG] (FabricLoader/Mixin) fabric-permission-api-v1.mixins.json:EntityMixin from mod fabric-permission-api-v1->@Inject::createPermissionContext(Lnet/minecraft/world/entity/EntityType;Lnet/minecraft/world/level/Level;Lorg/spongepowered/asm/mixin/injection/callback/CallbackInfo;)V won't be passed a CallbackInfo as a result
[20:58:16] [main/DEBUG] (FabricLoader/Mixin) fabric-debug-api-v1.mixins.json:EntityMixin from mod fabric-debug-api-v1->@Inject::addDebugValues(Lnet/minecraft/server/level/ServerLevel;Lnet/minecraft/util/debug/DebugValueSource$Registration;Lorg/spongepowered/asm/mixin/injection/callback/CallbackInfo;)V doesn't use it's CallbackInfo
[20:58:16] [main/DEBUG] (FabricLoader/Mixin) fabric-debug-api-v1.mixins.json:EntityMixin from mod fabric-debug-api-v1->@Inject::addDebugValues(Lnet/minecraft/server/level/ServerLevel;Lnet/minecraft/util/debug/DebugValueSource$Registration;Lorg/spongepowered/asm/mixin/injection/callback/CallbackInfo;)V has 0 override(s) in child classes
[20:58:16] [main/DEBUG] (FabricLoader/Mixin) fabric-debug-api-v1.mixins.json:EntityMixin from mod fabric-debug-api-v1->@Inject::addDebugValues(Lnet/minecraft/server/level/ServerLevel;Lnet/minecraft/util/debug/DebugValueSource$Registration;Lorg/spongepowered/asm/mixin/injection/callback/CallbackInfo;)V won't be passed a CallbackInfo as a result
[20:58:16] [main/DEBUG] (FabricLoader/Mixin) Mixing PlayerMixin from fabric-entity-events-v1.mixins.json into net.minecraft.world.entity.player.Player
[20:58:16] [main/DEBUG] (FabricLoader/Mixin) Mixing PlayerMixin from fabric-events-interaction-v0.mixins.json into net.minecraft.world.entity.player.Player
[20:58:16] [main/DEBUG] (FabricLoader/Mixin) fabric-entity-events-v1.mixins.json:PlayerMixin from mod fabric-entity-events-v1->@Inject::onStartSleepInBed(Lnet/minecraft/core/BlockPos;Lorg/spongepowered/asm/mixin/injection/callback/CallbackInfoReturnable;)V does use it's CallbackInfoReturnable
[20:58:16] [main/DEBUG] (FabricLoader/Mixin) fabric-entity-events-v1.mixins.json:PlayerMixin from mod fabric-entity-events-v1->@Inject::onIsSleepingLongEnough(Lorg/spongepowered/asm/mixin/injection/callback/CallbackInfoReturnable;)V does use it's CallbackInfoReturnable
[20:58:16] [main/DEBUG] (FabricLoader/Mixin) fabric-events-interaction-v0.mixins.json:PlayerMixin from mod fabric-events-interaction-v0->@Inject::onPlayerInteractEntity(Lnet/minecraft/world/entity/Entity;Lorg/spongepowered/asm/mixin/injection/callback/CallbackInfo;)V does use it's CallbackInfo
[20:58:16] [main/DEBUG] (FabricLoader/Mixin) Mixing LivingEntityMixin from fabric-entity-events-v1.mixins.json into net.minecraft.world.entity.LivingEntity
[20:58:16] [main/DEBUG] (FabricLoader/Mixin) Mixing effect.LivingEntityMixin from fabric-entity-events-v1.mixins.json into net.minecraft.world.entity.LivingEntity
[20:58:16] [main/DEBUG] (FabricLoader/Mixin) Mixing elytra.LivingEntityMixin from fabric-entity-events-v1.mixins.json into net.minecraft.world.entity.LivingEntity
[20:58:16] [main/DEBUG] (FabricLoader/Mixin) Mixing fluid.LivingEntityAccessor from fabric-content-registries-v0.mixins.json into net.minecraft.world.entity.LivingEntity
[20:58:16] [main/DEBUG] (FabricLoader/Mixin) Mixing fluid.LivingEntityMixin from fabric-content-registries-v0.mixins.json into net.minecraft.world.entity.LivingEntity
[20:58:16] [main/DEBUG] (FabricLoader/Mixin) Mixing LivingEntityMixin from fabric-block-api-v1.mixins.json into net.minecraft.world.entity.LivingEntity
[20:58:16] [main/DEBUG] (FabricLoader/Mixin) Mixing LivingEntityMixin from fabric-lifecycle-events-v1.mixins.json into net.minecraft.world.entity.LivingEntity
[20:58:16] [main/DEBUG] (FabricLoader/Mixin) Mixing LivingEntityMixin from fabric-item-api-v1.mixins.json into net.minecraft.world.entity.LivingEntity
[20:58:16] [main/DEBUG] (FabricLoader/Mixin) Mixing LivingEntityMixin from fabric-particles-v1.mixins.json into net.minecraft.world.entity.LivingEntity
[20:58:16] [main/DEBUG] (FabricLoader/Mixin) fabric-entity-events-v1.mixins.json:LivingEntityMixin from mod fabric-entity-events-v1->@Inject::notifyDeath(Lnet/minecraft/world/damagesource/DamageSource;Lorg/spongepowered/asm/mixin/injection/callback/CallbackInfo;)V doesn't use it's CallbackInfo
[20:58:16] [main/DEBUG] (FabricLoader/Mixin) fabric-entity-events-v1.mixins.json:LivingEntityMixin from mod fabric-entity-events-v1->@Inject::notifyDeath(Lnet/minecraft/world/damagesource/DamageSource;Lorg/spongepowered/asm/mixin/injection/callback/CallbackInfo;)V has 0 override(s) in child classes
[20:58:16] [main/DEBUG] (FabricLoader/Mixin) fabric-entity-events-v1.mixins.json:LivingEntityMixin from mod fabric-entity-events-v1->@Inject::notifyDeath(Lnet/minecraft/world/damagesource/DamageSource;Lorg/spongepowered/asm/mixin/injection/callback/CallbackInfo;)V won't be passed a CallbackInfo as a result
[20:58:16] [main/DEBUG] (FabricLoader/Mixin) fabric-entity-events-v1.mixins.json:LivingEntityMixin from mod fabric-entity-events-v1->@Inject::beforeDamage(Lnet/minecraft/server/level/ServerLevel;Lnet/minecraft/world/damagesource/DamageSource;FLorg/spongepowered/asm/mixin/injection/callback/CallbackInfoReturnable;)V does use it's CallbackInfoReturnable
[20:58:16] [main/DEBUG] (FabricLoader/Mixin) fabric-entity-events-v1.mixins.json:LivingEntityMixin from mod fabric-entity-events-v1->@Inject::afterDamage(Lnet/minecraft/server/level/ServerLevel;Lnet/minecraft/world/damagesource/DamageSource;FLorg/spongepowered/asm/mixin/injection/callback/CallbackInfoReturnable;)V doesn't use it's CallbackInfoReturnable
[20:58:16] [main/DEBUG] (FabricLoader/Mixin) fabric-entity-events-v1.mixins.json:LivingEntityMixin from mod fabric-entity-events-v1->@Inject::afterDamage(Lnet/minecraft/server/level/ServerLevel;Lnet/minecraft/world/damagesource/DamageSource;FLorg/spongepowered/asm/mixin/injection/callback/CallbackInfoReturnable;)V has 0 override(s) in child classes
[20:58:16] [main/DEBUG] (FabricLoader/Mixin) fabric-entity-events-v1.mixins.json:LivingEntityMixin from mod fabric-entity-events-v1->@Inject::afterDamage(Lnet/minecraft/server/level/ServerLevel;Lnet/minecraft/world/damagesource/DamageSource;FLorg/spongepowered/asm/mixin/injection/callback/CallbackInfoReturnable;)V won't be passed a CallbackInfoReturnable as a result
[20:58:16] [main/DEBUG] (FabricLoader/Mixin) fabric-entity-events-v1.mixins.json:LivingEntityMixin from mod fabric-entity-events-v1->@Inject::onSleep(Lnet/minecraft/core/BlockPos;Lorg/spongepowered/asm/mixin/injection/callback/CallbackInfo;)V doesn't use it's CallbackInfo
[20:58:16] [main/DEBUG] (FabricLoader/Mixin) fabric-entity-events-v1.mixins.json:LivingEntityMixin from mod fabric-entity-events-v1->@Inject::onSleep(Lnet/minecraft/core/BlockPos;Lorg/spongepowered/asm/mixin/injection/callback/CallbackInfo;)V has 0 override(s) in child classes
[20:58:16] [main/DEBUG] (FabricLoader/Mixin) fabric-entity-events-v1.mixins.json:LivingEntityMixin from mod fabric-entity-events-v1->@Inject::onSleep(Lnet/minecraft/core/BlockPos;Lorg/spongepowered/asm/mixin/injection/callback/CallbackInfo;)V won't be passed a CallbackInfo as a result
[20:58:16] [main/DEBUG] (FabricLoader/Mixin) fabric-entity-events-v1.mixins.json:LivingEntityMixin from mod fabric-entity-events-v1->@Inject::onWakeUp(Lorg/spongepowered/asm/mixin/injection/callback/CallbackInfo;)V doesn't use it's CallbackInfo
[20:58:16] [main/DEBUG] (FabricLoader/Mixin) fabric-entity-events-v1.mixins.json:LivingEntityMixin from mod fabric-entity-events-v1->@Inject::onWakeUp(Lorg/spongepowered/asm/mixin/injection/callback/CallbackInfo;)V has 0 override(s) in child classes
[20:58:16] [main/DEBUG] (FabricLoader/Mixin) fabric-entity-events-v1.mixins.json:LivingEntityMixin from mod fabric-entity-events-v1->@Inject::onWakeUp(Lorg/spongepowered/asm/mixin/injection/callback/CallbackInfo;)V won't be passed a CallbackInfo as a result
[20:58:16] [main/DEBUG] (FabricLoader/Mixin) fabric-entity-events-v1.mixins.json:LivingEntityMixin from mod fabric-entity-events-v1->@Inject::onIsSleepingInBed(Lnet/minecraft/core/BlockPos;Lorg/spongepowered/asm/mixin/injection/callback/CallbackInfoReturnable;)V does use it's CallbackInfoReturnable
[20:58:16] [main/DEBUG] (FabricLoader/Mixin) fabric-entity-events-v1.mixins.json:effect.LivingEntityMixin from mod fabric-entity-events-v1->@Inject::beforeAddEffect(Lnet/minecraft/world/effect/MobEffectInstance;Lnet/minecraft/world/entity/Entity;Lorg/spongepowered/asm/mixin/injection/callback/CallbackInfoReturnable;)V doesn't use it's CallbackInfoReturnable
[20:58:16] [main/DEBUG] (FabricLoader/Mixin) fabric-entity-events-v1.mixins.json:effect.LivingEntityMixin from mod fabric-entity-events-v1->@Inject::beforeAddEffect(Lnet/minecraft/world/effect/MobEffectInstance;Lnet/minecraft/world/entity/Entity;Lorg/spongepowered/asm/mixin/injection/callback/CallbackInfoReturnable;)V has 0 override(s) in child classes
[20:58:16] [main/DEBUG] (FabricLoader/Mixin) fabric-entity-events-v1.mixins.json:effect.LivingEntityMixin from mod fabric-entity-events-v1->@Inject::beforeAddEffect(Lnet/minecraft/world/effect/MobEffectInstance;Lnet/minecraft/world/entity/Entity;Lorg/spongepowered/asm/mixin/injection/callback/CallbackInfoReturnable;)V won't be passed a CallbackInfoReturnable as a result
[20:58:16] [main/DEBUG] (FabricLoader/Mixin) fabric-entity-events-v1.mixins.json:effect.LivingEntityMixin from mod fabric-entity-events-v1->@Inject::beforeForceAddEffect(Lnet/minecraft/world/effect/MobEffectInstance;Lnet/minecraft/world/entity/Entity;Lorg/spongepowered/asm/mixin/injection/callback/CallbackInfo;)V doesn't use it's CallbackInfo
[20:58:16] [main/DEBUG] (FabricLoader/Mixin) fabric-entity-events-v1.mixins.json:effect.LivingEntityMixin from mod fabric-entity-events-v1->@Inject::beforeForceAddEffect(Lnet/minecraft/world/effect/MobEffectInstance;Lnet/minecraft/world/entity/Entity;Lorg/spongepowered/asm/mixin/injection/callback/CallbackInfo;)V has 0 override(s) in child classes
[20:58:16] [main/DEBUG] (FabricLoader/Mixin) fabric-entity-events-v1.mixins.json:effect.LivingEntityMixin from mod fabric-entity-events-v1->@Inject::beforeForceAddEffect(Lnet/minecraft/world/effect/MobEffectInstance;Lnet/minecraft/world/entity/Entity;Lorg/spongepowered/asm/mixin/injection/callback/CallbackInfo;)V won't be passed a CallbackInfo as a result
[20:58:16] [main/DEBUG] (FabricLoader/Mixin) fabric-entity-events-v1.mixins.json:effect.LivingEntityMixin from mod fabric-entity-events-v1->@Inject::afterAddEffect(Lnet/minecraft/world/effect/MobEffectInstance;Lnet/minecraft/world/entity/Entity;Lorg/spongepowered/asm/mixin/injection/callback/CallbackInfo;)V doesn't use it's CallbackInfo
[20:58:16] [main/DEBUG] (FabricLoader/Mixin) fabric-entity-events-v1.mixins.json:effect.LivingEntityMixin from mod fabric-entity-events-v1->@Inject::afterAddEffect(Lnet/minecraft/world/effect/MobEffectInstance;Lnet/minecraft/world/entity/Entity;Lorg/spongepowered/asm/mixin/injection/callback/CallbackInfo;)V has 0 override(s) in child classes
[20:58:16] [main/DEBUG] (FabricLoader/Mixin) fabric-entity-events-v1.mixins.json:effect.LivingEntityMixin from mod fabric-entity-events-v1->@Inject::afterAddEffect(Lnet/minecraft/world/effect/MobEffectInstance;Lnet/minecraft/world/entity/Entity;Lorg/spongepowered/asm/mixin/injection/callback/CallbackInfo;)V won't be passed a CallbackInfo as a result
[20:58:16] [main/DEBUG] (FabricLoader/Mixin) fabric-entity-events-v1.mixins.json:effect.LivingEntityMixin from mod fabric-entity-events-v1->@Inject::beforeRemoveEffect(Lnet/minecraft/core/Holder;Lorg/spongepowered/asm/mixin/injection/callback/CallbackInfoReturnable;)V doesn't use it's CallbackInfoReturnable
[20:58:16] [main/DEBUG] (FabricLoader/Mixin) fabric-entity-events-v1.mixins.json:effect.LivingEntityMixin from mod fabric-entity-events-v1->@Inject::beforeRemoveEffect(Lnet/minecraft/core/Holder;Lorg/spongepowered/asm/mixin/injection/callback/CallbackInfoReturnable;)V has 0 override(s) in child classes
[20:58:16] [main/DEBUG] (FabricLoader/Mixin) fabric-entity-events-v1.mixins.json:effect.LivingEntityMixin from mod fabric-entity-events-v1->@Inject::beforeRemoveEffect(Lnet/minecraft/core/Holder;Lorg/spongepowered/asm/mixin/injection/callback/CallbackInfoReturnable;)V won't be passed a CallbackInfoReturnable as a result
[20:58:16] [main/DEBUG] (FabricLoader/Mixin) fabric-entity-events-v1.mixins.json:effect.LivingEntityMixin from mod fabric-entity-events-v1->@Inject::beforeExpireRemoveEffect(Lorg/spongepowered/asm/mixin/injection/callback/CallbackInfo;)V doesn't use it's CallbackInfo
[20:58:16] [main/DEBUG] (FabricLoader/Mixin) fabric-entity-events-v1.mixins.json:effect.LivingEntityMixin from mod fabric-entity-events-v1->@Inject::beforeExpireRemoveEffect(Lorg/spongepowered/asm/mixin/injection/callback/CallbackInfo;)V has 0 override(s) in child classes
[20:58:16] [main/DEBUG] (FabricLoader/Mixin) fabric-entity-events-v1.mixins.json:effect.LivingEntityMixin from mod fabric-entity-events-v1->@Inject::beforeExpireRemoveEffect(Lorg/spongepowered/asm/mixin/injection/callback/CallbackInfo;)V won't be passed a CallbackInfo as a result
[20:58:16] [main/DEBUG] (FabricLoader/Mixin) fabric-entity-events-v1.mixins.json:effect.LivingEntityMixin from mod fabric-entity-events-v1->@Inject::beforeRemoveAllEffects(Lorg/spongepowered/asm/mixin/injection/callback/CallbackInfoReturnable;)V doesn't use it's CallbackInfoReturnable
[20:58:16] [main/DEBUG] (FabricLoader/Mixin) fabric-entity-events-v1.mixins.json:effect.LivingEntityMixin from mod fabric-entity-events-v1->@Inject::beforeRemoveAllEffects(Lorg/spongepowered/asm/mixin/injection/callback/CallbackInfoReturnable;)V has 0 override(s) in child classes
[20:58:16] [main/DEBUG] (FabricLoader/Mixin) fabric-entity-events-v1.mixins.json:effect.LivingEntityMixin from mod fabric-entity-events-v1->@Inject::beforeRemoveAllEffects(Lorg/spongepowered/asm/mixin/injection/callback/CallbackInfoReturnable;)V won't be passed a CallbackInfoReturnable as a result
[20:58:16] [main/DEBUG] (FabricLoader/Mixin) fabric-entity-events-v1.mixins.json:effect.LivingEntityMixin from mod fabric-entity-events-v1->@Inject::afterRemoveEffect(Ljava/util/Collection;Lorg/spongepowered/asm/mixin/injection/callback/CallbackInfo;)V doesn't use it's CallbackInfo
[20:58:16] [main/DEBUG] (FabricLoader/Mixin) fabric-entity-events-v1.mixins.json:effect.LivingEntityMixin from mod fabric-entity-events-v1->@Inject::afterRemoveEffect(Ljava/util/Collection;Lorg/spongepowered/asm/mixin/injection/callback/CallbackInfo;)V has 0 override(s) in child classes
[20:58:16] [main/DEBUG] (FabricLoader/Mixin) fabric-entity-events-v1.mixins.json:effect.LivingEntityMixin from mod fabric-entity-events-v1->@Inject::afterRemoveEffect(Ljava/util/Collection;Lorg/spongepowered/asm/mixin/injection/callback/CallbackInfo;)V won't be passed a CallbackInfo as a result
[20:58:16] [main/DEBUG] (FabricLoader/Mixin) fabric-entity-events-v1.mixins.json:effect.LivingEntityMixin from mod fabric-entity-events-v1->@Inject::afterRemoveEffect(Ljava/util/Collection;Lorg/spongepowered/asm/mixin/injection/callback/CallbackInfo;)V doesn't use it's CallbackInfo
[20:58:16] [main/DEBUG] (FabricLoader/Mixin) fabric-entity-events-v1.mixins.json:effect.LivingEntityMixin from mod fabric-entity-events-v1->@Inject::afterRemoveEffect(Ljava/util/Collection;Lorg/spongepowered/asm/mixin/injection/callback/CallbackInfo;)V has 0 override(s) in child classes
[20:58:16] [main/DEBUG] (FabricLoader/Mixin) fabric-entity-events-v1.mixins.json:effect.LivingEntityMixin from mod fabric-entity-events-v1->@Inject::afterRemoveEffect(Ljava/util/Collection;Lorg/spongepowered/asm/mixin/injection/callback/CallbackInfo;)V won't be passed a CallbackInfo as a result
[20:58:16] [main/DEBUG] (FabricLoader/Mixin) fabric-entity-events-v1.mixins.json:elytra.LivingEntityMixin from mod fabric-entity-events-v1->@Inject::injectElytraTick(Lorg/spongepowered/asm/mixin/injection/callback/CallbackInfo;)V does use it's CallbackInfo
[20:58:16] [main/DEBUG] (FabricLoader/Mixin) fabric-entity-events-v1.mixins.json:elytra.LivingEntityMixin from mod fabric-entity-events-v1->@Inject::injectElytraCheck(Lorg/spongepowered/asm/mixin/injection/callback/CallbackInfoReturnable;)V does use it's CallbackInfoReturnable
[20:58:16] [main/DEBUG] (FabricLoader/Mixin) fabric-block-api-v1.mixins.json:LivingEntityMixin from mod fabric-block-api-v1->@Inject::allowTaggedBlocksForTrapdoorClimbing(Lnet/minecraft/core/BlockPos;Lnet/minecraft/world/level/block/state/BlockState;Lorg/spongepowered/asm/mixin/injection/callback/CallbackInfoReturnable;)V does use it's CallbackInfoReturnable
[20:58:16] [main/DEBUG] (FabricLoader/Mixin) fabric-lifecycle-events-v1.mixins.json:LivingEntityMixin from mod fabric-lifecycle-events-v1->@Inject::getEquipmentChanges(Lorg/spongepowered/asm/mixin/injection/callback/CallbackInfoReturnable;)V doesn't use it's CallbackInfoReturnable
[20:58:16] [main/DEBUG] (FabricLoader/Mixin) fabric-lifecycle-events-v1.mixins.json:LivingEntityMixin from mod fabric-lifecycle-events-v1->@Inject::getEquipmentChanges(Lorg/spongepowered/asm/mixin/injection/callback/CallbackInfoReturnable;)V has 0 override(s) in child classes
[20:58:16] [main/DEBUG] (FabricLoader/Mixin) fabric-lifecycle-events-v1.mixins.json:LivingEntityMixin from mod fabric-lifecycle-events-v1->@Inject::getEquipmentChanges(Lorg/spongepowered/asm/mixin/injection/callback/CallbackInfoReturnable;)V won't be passed a CallbackInfoReturnable as a result
[20:58:16] [main/DEBUG] (FabricLoader/Mixin) fabric-item-api-v1.mixins.json:LivingEntityMixin from mod fabric-item-api-v1->@Inject::onGetPreferredEquipmentSlot(Lnet/minecraft/world/item/ItemStack;Lorg/spongepowered/asm/mixin/injection/callback/CallbackInfoReturnable;)V does use it's CallbackInfoReturnable
[20:58:16] [main/DEBUG] (FabricLoader/Mixin) Mixing LevelReaderMixin from fabric-block-getter-api-v2.mixins.json into net.minecraft.world.level.LevelReader
[20:58:16] [main/DEBUG] (FabricLoader/Mixin) Mixing AttachmentTargetsMixin from fabric-data-attachment-api-v1.mixins.json into net.minecraft.world.level.Level
[20:58:16] [main/DEBUG] (FabricLoader/Mixin) Mixing LevelMixin from fabric-data-attachment-api-v1.mixins.json into net.minecraft.world.level.Level
[20:58:16] [main/DEBUG] (FabricLoader/Mixin) Mixing LevelMixin from fabric-lifecycle-events-v1.mixins.json into net.minecraft.world.level.Level
[20:58:16] [main/DEBUG] (FabricLoader/Mixin) Mixing ServerLevelMixin from fabric-api-lookup-api-v1.mixins.json into net.minecraft.server.level.ServerLevel
[20:58:16] [main/DEBUG] (FabricLoader/Mixin) Renaming synthetic method lambda$fabric_invalidateCache$2(Ljava/util/Map$Entry;)Z to mdb6a30c$fabric-api-lookup-api-v1$lambda$fabric_invalidateCache$2$0 in fabric-api-lookup-api-v1.mixins.json:ServerLevelMixin from mod fabric-api-lookup-api-v1
[20:58:16] [main/DEBUG] (FabricLoader/Mixin) Renaming synthetic method lambda$fabric_invalidateCache$3(Ljava/lang/ref/WeakReference;)Z to mdb6a30c$fabric-api-lookup-api-v1$lambda$fabric_invalidateCache$3$1 in fabric-api-lookup-api-v1.mixins.json:ServerLevelMixin from mod fabric-api-lookup-api-v1
[20:58:16] [main/DEBUG] (FabricLoader/Mixin) Renaming synthetic method lambda$fabric_invalidateCache$1(Ljava/lang/ref/WeakReference;)V to mdb6a30c$fabric-api-lookup-api-v1$lambda$fabric_invalidateCache$1$2 in fabric-api-lookup-api-v1.mixins.json:ServerLevelMixin from mod fabric-api-lookup-api-v1
[20:58:16] [main/DEBUG] (FabricLoader/Mixin) Renaming synthetic method lambda$fabric_invalidateCache$0(Ljava/lang/ref/WeakReference;)Z to mdb6a30c$fabric-api-lookup-api-v1$lambda$fabric_invalidateCache$0$3 in fabric-api-lookup-api-v1.mixins.json:ServerLevelMixin from mod fabric-api-lookup-api-v1
[20:58:16] [main/DEBUG] (FabricLoader/Mixin) Renaming synthetic method lambda$fabric_registerCache$1(Ljava/lang/ref/WeakReference;)Z to mdb6a30c$fabric-api-lookup-api-v1$lambda$fabric_registerCache$1$4 in fabric-api-lookup-api-v1.mixins.json:ServerLevelMixin from mod fabric-api-lookup-api-v1
[20:58:16] [main/DEBUG] (FabricLoader/Mixin) Renaming synthetic method lambda$fabric_registerCache$0(Lnet/minecraft/core/BlockPos;)Ljava/util/List; to mdb6a30c$fabric-api-lookup-api-v1$lambda$fabric_registerCache$0$5 in fabric-api-lookup-api-v1.mixins.json:ServerLevelMixin from mod fabric-api-lookup-api-v1
[20:58:16] [main/DEBUG] (FabricLoader/Mixin) Mixing ServerLevelMixin from fabric-data-attachment-api-v1.mixins.json into net.minecraft.server.level.ServerLevel
[20:58:16] [main/DEBUG] (FabricLoader/Mixin) Renaming synthetic method lambda$fabric_syncChange$0(Lnet/fabricmc/fabric/api/attachment/v1/AttachmentType;Lnet/fabricmc/fabric/impl/attachment/sync/AttachmentChange;Lnet/minecraft/server/level/ServerPlayer;)V to mdb6a30c$fabric-data-attachment-api-v1$lambda$fabric_syncChange$0$6 in fabric-data-attachment-api-v1.mixins.json:ServerLevelMixin from mod fabric-data-attachment-api-v1
[20:58:16] [main/DEBUG] (FabricLoader/Mixin) Renaming synthetic method lambda$createAttachmentsPersistentState$0(Lnet/minecraft/server/level/ServerLevel;)Lnet/fabricmc/fabric/impl/attachment/AttachmentSavedData; to mdb6a30c$fabric-data-attachment-api-v1$lambda$createAttachmentsPersistentState$0$7 in fabric-data-attachment-api-v1.mixins.json:ServerLevelMixin from mod fabric-data-attachment-api-v1
[20:58:16] [main/DEBUG] (FabricLoader/Mixin) Mixing ServerLevelMixin from fabric-lifecycle-events-v1.mixins.json into net.minecraft.server.level.ServerLevel
[20:58:16] [main/DEBUG] (FabricLoader/Mixin) fabric-data-attachment-api-v1.mixins.json:ServerLevelMixin from mod fabric-data-attachment-api-v1->@Inject::createAttachmentsPersistentState(Lorg/spongepowered/asm/mixin/injection/callback/CallbackInfo;)V doesn't use it's CallbackInfo
[20:58:16] [main/DEBUG] (FabricLoader/Mixin) fabric-data-attachment-api-v1.mixins.json:ServerLevelMixin from mod fabric-data-attachment-api-v1->@Inject::createAttachmentsPersistentState(Lorg/spongepowered/asm/mixin/injection/callback/CallbackInfo;)V has 0 override(s) in child classes
[20:58:16] [main/DEBUG] (FabricLoader/Mixin) fabric-data-attachment-api-v1.mixins.json:ServerLevelMixin from mod fabric-data-attachment-api-v1->@Inject::createAttachmentsPersistentState(Lorg/spongepowered/asm/mixin/injection/callback/CallbackInfo;)V won't be passed a CallbackInfo as a result
[20:58:16] [main/DEBUG] (FabricLoader/Mixin) fabric-lifecycle-events-v1.mixins.json:ServerLevelMixin from mod fabric-lifecycle-events-v1->@Inject::startLevelTick(Ljava/util/function/BooleanSupplier;Lorg/spongepowered/asm/mixin/injection/callback/CallbackInfo;)V doesn't use it's CallbackInfo
[20:58:16] [main/DEBUG] (FabricLoader/Mixin) fabric-lifecycle-events-v1.mixins.json:ServerLevelMixin from mod fabric-lifecycle-events-v1->@Inject::startLevelTick(Ljava/util/function/BooleanSupplier;Lorg/spongepowered/asm/mixin/injection/callback/CallbackInfo;)V has 0 override(s) in child classes
[20:58:16] [main/DEBUG] (FabricLoader/Mixin) fabric-lifecycle-events-v1.mixins.json:ServerLevelMixin from mod fabric-lifecycle-events-v1->@Inject::startLevelTick(Ljava/util/function/BooleanSupplier;Lorg/spongepowered/asm/mixin/injection/callback/CallbackInfo;)V won't be passed a CallbackInfo as a result
[20:58:16] [main/DEBUG] (FabricLoader/Mixin) fabric-lifecycle-events-v1.mixins.json:ServerLevelMixin from mod fabric-lifecycle-events-v1->@Inject::endLevelTick(Ljava/util/function/BooleanSupplier;Lorg/spongepowered/asm/mixin/injection/callback/CallbackInfo;)V doesn't use it's CallbackInfo
[20:58:16] [main/DEBUG] (FabricLoader/Mixin) fabric-lifecycle-events-v1.mixins.json:ServerLevelMixin from mod fabric-lifecycle-events-v1->@Inject::endLevelTick(Ljava/util/function/BooleanSupplier;Lorg/spongepowered/asm/mixin/injection/callback/CallbackInfo;)V has 0 override(s) in child classes
[20:58:16] [main/DEBUG] (FabricLoader/Mixin) fabric-lifecycle-events-v1.mixins.json:ServerLevelMixin from mod fabric-lifecycle-events-v1->@Inject::endLevelTick(Ljava/util/function/BooleanSupplier;Lorg/spongepowered/asm/mixin/injection/callback/CallbackInfo;)V won't be passed a CallbackInfo as a result
[20:58:16] [main/DEBUG] (FabricLoader/Mixin) Mixing BlockBehaviourPropertiesMixin from fabric-block-api-v1.mixins.json into net.minecraft.world.level.block.state.BlockBehaviour$Properties
[20:58:16] [main/DEBUG] (FabricLoader/Mixin) Mixing IdMapperMixin from fabric-registry-sync-v0.mixins.json into net.minecraft.core.IdMapper
[20:58:16] [main/DEBUG] (FabricLoader/Mixin) Renaming synthetic method lambda$fabric_remapIds$0(Lit/unimi/dsi/fastutil/ints/Int2IntMap;Ljava/lang/Object;Ljava/lang/Integer;)Ljava/lang/Integer; to mdb6a30c$fabric-registry-sync-v0$lambda$fabric_remapIds$0$0 in fabric-registry-sync-v0.mixins.json:IdMapperMixin from mod fabric-registry-sync-v0
[20:58:17] [main/DEBUG] (FabricLoader/Mixin) Mixing RegistryFriendlyByteBufMixin from fabric-networking-api-v1.mixins.json into net.minecraft.network.RegistryFriendlyByteBuf
[20:58:17] [main/DEBUG] (FabricLoader/Mixin) Mixing FriendlyByteBufMixin from fabric-networking-api-v1.mixins.json into net.minecraft.network.FriendlyByteBuf
[20:58:17] [main/DEBUG] (FabricLoader/Mixin) Mixing BlocksMixin from fabric-registry-sync-v0.mixins.json into net.minecraft.world.level.block.Blocks
[20:58:17] [main/DEBUG] (FabricLoader/Mixin) Renaming synthetic method lambda$initShapeCache$0(ILnet/minecraft/resources/Identifier;Lnet/minecraft/world/level/block/Block;)V to mdb6a30c$fabric-registry-sync-v0$lambda$initShapeCache$0$0 in fabric-registry-sync-v0.mixins.json:BlocksMixin from mod fabric-registry-sync-v0
[20:58:17] [main/DEBUG] (FabricLoader/Mixin) fabric-registry-sync-v0.mixins.json:BlocksMixin from mod fabric-registry-sync-v0->@Inject::initShapeCache(Lorg/spongepowered/asm/mixin/injection/callback/CallbackInfo;)V doesn't use it's CallbackInfo
[20:58:17] [main/DEBUG] (FabricLoader/Mixin) Mixing WeatheringCopperMixin from fabric-content-registries-v0.mixins.json into net.minecraft.world.level.block.WeatheringCopper
[20:58:17] [main/DEBUG] (FabricLoader/Mixin) fabric-content-registries-v0.mixins.json:WeatheringCopperMixin from mod fabric-content-registries-v0->@Inject::createOxidationLevelIncreasesMap(Lorg/spongepowered/asm/mixin/injection/callback/CallbackInfoReturnable;)V does use it's CallbackInfoReturnable
[20:58:17] [main/DEBUG] (FabricLoader/Mixin) Mixing EntityTypeMixin from fabric-object-builder-v1.mixins.json into net.minecraft.world.entity.EntityType
[20:58:17] [main/DEBUG] (FabricLoader/Mixin) Mixing EntityTypeMixin from fabric-lifecycle-events-v1.mixins.json into net.minecraft.world.entity.EntityType
[20:58:17] [main/DEBUG] (FabricLoader/Mixin) fabric-object-builder-v1.mixins.json:EntityTypeMixin from mod fabric-object-builder-api-v1->@Inject::onAlwaysUpdateVelocity(Lorg/spongepowered/asm/mixin/injection/callback/CallbackInfoReturnable;)V does use it's CallbackInfoReturnable
[20:58:17] [main/DEBUG] (FabricLoader/Mixin) fabric-object-builder-v1.mixins.json:EntityTypeMixin from mod fabric-object-builder-api-v1->@Inject::onCanPotentiallyExecuteCommands(Lorg/spongepowered/asm/mixin/injection/callback/CallbackInfoReturnable;)V does use it's CallbackInfoReturnable
[20:58:17] [main/DEBUG] (FabricLoader/Mixin) fabric-lifecycle-events-v1.mixins.json:EntityTypeMixin from mod fabric-lifecycle-events-v1->@Inject::setSpawnReason(Lnet/minecraft/world/level/Level;Lnet/minecraft/world/entity/EntitySpawnReason;Lorg/spongepowered/asm/mixin/injection/callback/CallbackInfoReturnable;)V does use it's CallbackInfoReturnable
[20:58:17] [main/DEBUG] (FabricLoader/Mixin) fabric-lifecycle-events-v1.mixins.json:EntityTypeMixin from mod fabric-lifecycle-events-v1->@Inject::setSpawnReason(Lnet/minecraft/world/level/Level;Lnet/minecraft/world/entity/EntitySpawnReason;Lorg/spongepowered/asm/mixin/injection/callback/CallbackInfoReturnable;)V does use it's CallbackInfoReturnable
[20:58:17] [main/DEBUG] (FabricLoader/Mixin) Mixing FluidMixin from fabric-transfer-api-v1.mixins.json into net.minecraft.world.level.material.Fluid
[20:58:17] [main/DEBUG] (FabricLoader/Mixin) fabric-transfer-api-v1.mixins.json:FluidMixin from mod fabric-transfer-api-v1->@Inject::hookGetBucketFillSound(Lorg/spongepowered/asm/mixin/injection/callback/CallbackInfoReturnable;)V does use it's CallbackInfoReturnable
[20:58:17] [main/DEBUG] (FabricLoader/Mixin) Mixing DataComponentMapBuilderMixin from fabric-item-api-v1.mixins.json into net.minecraft.core.component.DataComponentMap$Builder
[20:58:17] [main/DEBUG] (FabricLoader/Mixin) Mixing AttachmentTargetsMixin from fabric-data-attachment-api-v1.mixins.json into net.minecraft.world.level.block.entity.BlockEntity
[20:58:17] [main/DEBUG] (FabricLoader/Mixin) Mixing BlockEntityMixin from fabric-data-attachment-api-v1.mixins.json into net.minecraft.world.level.block.entity.BlockEntity
[20:58:17] [main/DEBUG] (FabricLoader/Mixin) Renaming synthetic method lambda$fabric_markChanged$2(Lnet/fabricmc/fabric/api/attachment/v1/AttachmentType;)V to mdb6a30c$fabric-data-attachment-api-v1$lambda$fabric_markChanged$2$0 in fabric-data-attachment-api-v1.mixins.json:BlockEntityMixin from mod fabric-data-attachment-api-v1
[20:58:17] [main/DEBUG] (FabricLoader/Mixin) Renaming synthetic method lambda$fabric_markChanged$0(Lnet/minecraft/server/level/ChunkResult;)V to mdb6a30c$fabric-data-attachment-api-v1$lambda$fabric_markChanged$0$1 in fabric-data-attachment-api-v1.mixins.json:BlockEntityMixin from mod fabric-data-attachment-api-v1
[20:58:17] [main/DEBUG] (FabricLoader/Mixin) Renaming synthetic method lambda$fabric_markChanged$1(Lnet/minecraft/world/level/chunk/LevelChunk;)V to mdb6a30c$fabric-data-attachment-api-v1$lambda$fabric_markChanged$1$2 in fabric-data-attachment-api-v1.mixins.json:BlockEntityMixin from mod fabric-data-attachment-api-v1
[20:58:17] [main/DEBUG] (FabricLoader/Mixin) Mixing BlockEntityMixin from fabric-block-getter-api-v2.mixins.json into net.minecraft.world.level.block.entity.BlockEntity
[20:58:17] [main/DEBUG] (FabricLoader/Mixin) fabric-data-attachment-api-v1.mixins.json:BlockEntityMixin from mod fabric-data-attachment-api-v1->@Inject::readBlockEntityAttachments(Lnet/minecraft/world/level/storage/ValueInput;Lorg/spongepowered/asm/mixin/injection/callback/CallbackInfo;)V doesn't use it's CallbackInfo
[20:58:17] [main/DEBUG] (FabricLoader/Mixin) fabric-data-attachment-api-v1.mixins.json:BlockEntityMixin from mod fabric-data-attachment-api-v1->@Inject::readBlockEntityAttachments(Lnet/minecraft/world/level/storage/ValueInput;Lorg/spongepowered/asm/mixin/injection/callback/CallbackInfo;)V has 0 override(s) in child classes
[20:58:17] [main/DEBUG] (FabricLoader/Mixin) fabric-data-attachment-api-v1.mixins.json:BlockEntityMixin from mod fabric-data-attachment-api-v1->@Inject::readBlockEntityAttachments(Lnet/minecraft/world/level/storage/ValueInput;Lorg/spongepowered/asm/mixin/injection/callback/CallbackInfo;)V won't be passed a CallbackInfo as a result
[20:58:17] [main/DEBUG] (FabricLoader/Mixin) fabric-data-attachment-api-v1.mixins.json:BlockEntityMixin from mod fabric-data-attachment-api-v1->@Inject::writeBlockEntityAttachments(Lnet/minecraft/world/level/storage/ValueOutput;Lorg/spongepowered/asm/mixin/injection/callback/CallbackInfo;)V doesn't use it's CallbackInfo
[20:58:17] [main/DEBUG] (FabricLoader/Mixin) fabric-data-attachment-api-v1.mixins.json:BlockEntityMixin from mod fabric-data-attachment-api-v1->@Inject::writeBlockEntityAttachments(Lnet/minecraft/world/level/storage/ValueOutput;Lorg/spongepowered/asm/mixin/injection/callback/CallbackInfo;)V has 0 override(s) in child classes
[20:58:17] [main/DEBUG] (FabricLoader/Mixin) fabric-data-attachment-api-v1.mixins.json:BlockEntityMixin from mod fabric-data-attachment-api-v1->@Inject::writeBlockEntityAttachments(Lnet/minecraft/world/level/storage/ValueOutput;Lorg/spongepowered/asm/mixin/injection/callback/CallbackInfo;)V won't be passed a CallbackInfo as a result
[20:58:17] [main/DEBUG] (FabricLoader/Mixin) Mixing BlockParticleOptionMixin from fabric-particles-v1.mixins.json into net.minecraft.core.particles.BlockParticleOption
[20:58:17] [main/DEBUG] (FabricLoader/Mixin) Mixing BaseContainerBlockEntityMixin from fabric-transfer-api-v1.mixins.json into net.minecraft.world.level.block.entity.BaseContainerBlockEntity
[20:58:17] [main/DEBUG] (FabricLoader/Mixin) Mixing MenuProviderMixin from fabric-menu-api-v1.mixins.json into net.minecraft.world.MenuProvider
[20:58:17] [main/DEBUG] (FabricLoader/Mixin) Mixing DetectorRailBlockMixin from fabric-object-builder-v1.mixins.json into net.minecraft.world.level.block.DetectorRailBlock
[20:58:17] [main/DEBUG] (FabricLoader/Mixin) Renaming synthetic method lambda$getCustomComparatorOutput$0(Lnet/minecraft/world/entity/Entity;)Z to mdb6a30c$fabric-object-builder-api-v1$lambda$getCustomComparatorOutput$0$0 in fabric-object-builder-v1.mixins.json:DetectorRailBlockMixin from mod fabric-object-builder-api-v1
[20:58:17] [main/DEBUG] (FabricLoader/Mixin) fabric-object-builder-v1.mixins.json:DetectorRailBlockMixin from mod fabric-object-builder-api-v1->@Inject::getCustomComparatorOutput(Lnet/minecraft/world/level/block/state/BlockState;Lnet/minecraft/world/level/Level;Lnet/minecraft/core/BlockPos;Lnet/minecraft/core/Direction;Lorg/spongepowered/asm/mixin/injection/callback/CallbackInfoReturnable;)V does use it's CallbackInfoReturnable
[20:58:17] [main/DEBUG] (FabricLoader/Mixin) Mixing MobMixin from fabric-entity-events-v1.mixins.json into net.minecraft.world.entity.Mob
[20:58:17] [main/DEBUG] (FabricLoader/Mixin) Mixing EntityMixin from fabric-debug-api-v1.mixins.json into net.minecraft.world.entity.Mob
[20:58:17] [main/DEBUG] (FabricLoader/Mixin) fabric-debug-api-v1.mixins.json:EntityMixin from mod fabric-debug-api-v1->@Inject::addDebugValues(Lnet/minecraft/server/level/ServerLevel;Lnet/minecraft/util/debug/DebugValueSource$Registration;Lorg/spongepowered/asm/mixin/injection/callback/CallbackInfo;)V doesn't use it's CallbackInfo
[20:58:17] [main/DEBUG] (FabricLoader/Mixin) fabric-debug-api-v1.mixins.json:EntityMixin from mod fabric-debug-api-v1->@Inject::addDebugValues(Lnet/minecraft/server/level/ServerLevel;Lnet/minecraft/util/debug/DebugValueSource$Registration;Lorg/spongepowered/asm/mixin/injection/callback/CallbackInfo;)V has 0 override(s) in child classes
[20:58:17] [main/DEBUG] (FabricLoader/Mixin) fabric-debug-api-v1.mixins.json:EntityMixin from mod fabric-debug-api-v1->@Inject::addDebugValues(Lnet/minecraft/server/level/ServerLevel;Lnet/minecraft/util/debug/DebugValueSource$Registration;Lorg/spongepowered/asm/mixin/injection/callback/CallbackInfo;)V won't be passed a CallbackInfo as a result
[20:58:17] [main/DEBUG] (FabricLoader/Mixin) Mixing ChiseledBookShelfBlockEntityMixin from fabric-transfer-api-v1.mixins.json into net.minecraft.world.level.block.entity.ChiseledBookShelfBlockEntity
[20:58:17] [main/DEBUG] (FabricLoader/Mixin) fabric-transfer-api-v1.mixins.json:ChiseledBookShelfBlockEntityMixin from mod fabric-transfer-api-v1->@Inject::setStackBypass(ILnet/minecraft/world/item/ItemStack;Lorg/spongepowered/asm/mixin/injection/callback/CallbackInfo;)V does use it's CallbackInfo
[20:58:17] [main/DEBUG] (FabricLoader/Mixin) Mixing ListBackedContainerMixin from fabric-transfer-api-v1.mixins.json into net.minecraft.world.level.block.entity.ListBackedContainer
[20:58:17] [main/DEBUG] (FabricLoader/Mixin) Mixing ShelfBlockEntityMixin from fabric-transfer-api-v1.mixins.json into net.minecraft.world.level.block.entity.ShelfBlockEntity
[20:58:17] [main/DEBUG] (FabricLoader/Mixin) Mixing BlockEntityTypeAccessor from fabric-api-lookup-api-v1.mixins.json into net.minecraft.world.level.block.entity.BlockEntityType
[20:58:17] [main/DEBUG] (FabricLoader/Mixin) Mixing BlockEntityTypeMixin from fabric-object-builder-v1.mixins.json into net.minecraft.world.level.block.entity.BlockEntityType
[20:58:17] [main/DEBUG] (FabricLoader/Mixin) fabric-object-builder-v1.mixins.json:BlockEntityTypeMixin from mod fabric-object-builder-api-v1->@Inject::mutableBlocks(Lnet/minecraft/world/level/block/entity/BlockEntityType$BlockEntitySupplier;Ljava/util/Set;Lorg/spongepowered/asm/mixin/injection/callback/CallbackInfo;)V doesn't use it's CallbackInfo
[20:58:17] [main/DEBUG] (FabricLoader/Mixin) fabric-object-builder-v1.mixins.json:BlockEntityTypeMixin from mod fabric-object-builder-api-v1->@Inject::mutableBlocks(Lnet/minecraft/world/level/block/entity/BlockEntityType$BlockEntitySupplier;Ljava/util/Set;Lorg/spongepowered/asm/mixin/injection/callback/CallbackInfo;)V has 0 override(s) in child classes
[20:58:17] [main/DEBUG] (FabricLoader/Mixin) fabric-object-builder-v1.mixins.json:BlockEntityTypeMixin from mod fabric-object-builder-api-v1->@Inject::mutableBlocks(Lnet/minecraft/world/level/block/entity/BlockEntityType$BlockEntitySupplier;Ljava/util/Set;Lorg/spongepowered/asm/mixin/injection/callback/CallbackInfo;)V won't be passed a CallbackInfo as a result
[20:58:17] [main/DEBUG] (FabricLoader/Mixin) Mixing AbstractFurnaceBlockEntityMixin from fabric-transfer-api-v1.mixins.json into net.minecraft.world.level.block.entity.AbstractFurnaceBlockEntity
[20:58:17] [main/DEBUG] (FabricLoader/Mixin) Mixing AbstractFurnaceBlockEntityMixin from fabric-item-api-v1.mixins.json into net.minecraft.world.level.block.entity.AbstractFurnaceBlockEntity
[20:58:17] [main/DEBUG] (FabricLoader/Mixin) fabric-transfer-api-v1.mixins.json:AbstractFurnaceBlockEntityMixin from mod fabric-transfer-api-v1->@Inject::setStackSuppressUpdate(ILnet/minecraft/world/item/ItemStack;Lorg/spongepowered/asm/mixin/injection/callback/CallbackInfo;)V does use it's CallbackInfo
[20:58:17] [main/DEBUG] (FabricLoader/Mixin) fabric-item-api-v1.mixins.json:AbstractFurnaceBlockEntityMixin from mod fabric-item-api-v1->@Inject::copyStack(Lnet/minecraft/core/NonNullList;Lnet/minecraft/world/item/ItemStack;Lorg/spongepowered/asm/mixin/injection/callback/CallbackInfo;)V doesn't use it's CallbackInfo
[20:58:17] [main/DEBUG] (FabricLoader/Mixin) Mixing JukeboxBlockEntityMixin from fabric-transfer-api-v1.mixins.json into net.minecraft.world.level.block.entity.JukeboxBlockEntity
[20:58:17] [main/DEBUG] (FabricLoader/Mixin) fabric-transfer-api-v1.mixins.json:JukeboxBlockEntityMixin from mod fabric-transfer-api-v1->@Inject::setStackBypass(Lnet/minecraft/world/item/ItemStack;Lorg/spongepowered/asm/mixin/injection/callback/CallbackInfo;)V does use it's CallbackInfo
[20:58:17] [main/DEBUG] (FabricLoader/Mixin) Mixing TagKeyMixin from fabric-convention-tags-api-v2.mixins.json into net.minecraft.tags.TagKey
[20:58:17] [main/DEBUG] (FabricLoader/Mixin) Mixing BrewingStandBlockEntityMixin from fabric-item-api-v1.mixins.json into net.minecraft.world.level.block.entity.BrewingStandBlockEntity
[20:58:17] [main/DEBUG] (FabricLoader/Mixin) Mixing AnvilMenuMixin from fabric-item-api-v1.mixins.json into net.minecraft.world.inventory.AnvilMenu
[20:58:17] [main/DEBUG] (FabricLoader/Mixin) Mixing HopperBlockEntityMixin from fabric-transfer-api-v1.mixins.json into net.minecraft.world.level.block.entity.HopperBlockEntity
[20:58:17] [main/DEBUG] (FabricLoader/Mixin) Renaming synthetic method lambda$hookExtract$0(Lnet/fabricmc/fabric/api/transfer/v1/item/ItemVariant;)Z to mdb6a30c$fabric-transfer-api-v1$lambda$hookExtract$0$0 in fabric-transfer-api-v1.mixins.json:HopperBlockEntityMixin from mod fabric-transfer-api-v1
[20:58:17] [main/DEBUG] (FabricLoader/Mixin) Renaming synthetic method lambda$hookInsert$0(Lnet/fabricmc/fabric/api/transfer/v1/item/ItemVariant;)Z to mdb6a30c$fabric-transfer-api-v1$lambda$hookInsert$0$1 in fabric-transfer-api-v1.mixins.json:HopperBlockEntityMixin from mod fabric-transfer-api-v1
[20:58:17] [main/DEBUG] (FabricLoader/Mixin) fabric-transfer-api-v1.mixins.json:HopperBlockEntityMixin from mod fabric-transfer-api-v1->@Inject::hookInsert(Lnet/minecraft/world/level/Level;Lnet/minecraft/core/BlockPos;Lnet/minecraft/world/level/block/entity/HopperBlockEntity;Lorg/spongepowered/asm/mixin/injection/callback/CallbackInfoReturnable;)V does use it's CallbackInfoReturnable
[20:58:17] [main/DEBUG] (FabricLoader/Mixin) fabric-transfer-api-v1.mixins.json:HopperBlockEntityMixin from mod fabric-transfer-api-v1->@Inject::hookExtract(Lnet/minecraft/world/level/Level;Lnet/minecraft/world/level/block/entity/Hopper;Lorg/spongepowered/asm/mixin/injection/callback/CallbackInfoReturnable;)V does use it's CallbackInfoReturnable
[20:58:17] [main/DEBUG] (FabricLoader/Mixin) Mixing DropperBlockMixin from fabric-transfer-api-v1.mixins.json into net.minecraft.world.level.block.DropperBlock
[20:58:17] [main/DEBUG] (FabricLoader/Mixin) Renaming synthetic method lambda$hookDispense$0(Lnet/fabricmc/fabric/api/transfer/v1/item/ItemVariant;)Z to mdb6a30c$fabric-transfer-api-v1$lambda$hookDispense$0$0 in fabric-transfer-api-v1.mixins.json:DropperBlockMixin from mod fabric-transfer-api-v1
[20:58:17] [main/DEBUG] (FabricLoader/Mixin) fabric-transfer-api-v1.mixins.json:DropperBlockMixin from mod fabric-transfer-api-v1->@Inject::hookDispense(Lnet/minecraft/server/level/ServerLevel;Lnet/minecraft/world/level/block/state/BlockState;Lnet/minecraft/core/BlockPos;Lorg/spongepowered/asm/mixin/injection/callback/CallbackInfo;)V does use it's CallbackInfo
[20:58:17] [main/DEBUG] (FabricLoader/Mixin) Mixing BannerBlockEntityMixin from fabric-data-attachment-api-v1.mixins.json into net.minecraft.world.level.block.entity.BannerBlockEntity
[20:58:18] [main/DEBUG] (FabricLoader/Mixin) Mixing CrafterBlockMixin from fabric-transfer-api-v1.mixins.json into net.minecraft.world.level.block.CrafterBlock
[20:58:18] [main/DEBUG] (FabricLoader/Mixin) fabric-transfer-api-v1.mixins.json:CrafterBlockMixin from mod fabric-transfer-api-v1->@Inject::transferOrSpawnStack(Lnet/minecraft/server/level/ServerLevel;Lnet/minecraft/core/BlockPos;Lnet/minecraft/world/level/block/entity/CrafterBlockEntity;Lnet/minecraft/world/item/ItemStack;Lnet/minecraft/world/level/block/state/BlockState;Lnet/minecraft/world/item/crafting/RecipeHolder;Lorg/spongepowered/asm/mixin/injection/callback/CallbackInfo;)V doesn't use it's CallbackInfo
[20:58:18] [main/DEBUG] (FabricLoader/Mixin) fabric-transfer-api-v1.mixins.json:CrafterBlockMixin from mod fabric-transfer-api-v1->@Inject::transferOrSpawnStack(Lnet/minecraft/server/level/ServerLevel;Lnet/minecraft/core/BlockPos;Lnet/minecraft/world/level/block/entity/CrafterBlockEntity;Lnet/minecraft/world/item/ItemStack;Lnet/minecraft/world/level/block/state/BlockState;Lnet/minecraft/world/item/crafting/RecipeHolder;Lorg/spongepowered/asm/mixin/injection/callback/CallbackInfo;)V has 0 override(s) in child classes
[20:58:18] [main/DEBUG] (FabricLoader/Mixin) fabric-transfer-api-v1.mixins.json:CrafterBlockMixin from mod fabric-transfer-api-v1->@Inject::transferOrSpawnStack(Lnet/minecraft/server/level/ServerLevel;Lnet/minecraft/core/BlockPos;Lnet/minecraft/world/level/block/entity/CrafterBlockEntity;Lnet/minecraft/world/item/ItemStack;Lnet/minecraft/world/level/block/state/BlockState;Lnet/minecraft/world/item/crafting/RecipeHolder;Lorg/spongepowered/asm/mixin/injection/callback/CallbackInfo;)V won't be passed a CallbackInfo as a result
[20:58:18] [main/DEBUG] (FabricLoader/Mixin) fabric-transfer-api-v1.mixins.json:CrafterBlockMixin from mod fabric-transfer-api-v1->@Inject::transferOrSpawnStack(Lnet/minecraft/server/level/ServerLevel;Lnet/minecraft/core/BlockPos;Lnet/minecraft/world/level/block/entity/CrafterBlockEntity;Lnet/minecraft/world/item/ItemStack;Lnet/minecraft/world/level/block/state/BlockState;Lnet/minecraft/world/item/crafting/RecipeHolder;Lorg/spongepowered/asm/mixin/injection/callback/CallbackInfo;)V doesn't use it's CallbackInfo
[20:58:18] [main/DEBUG] (FabricLoader/Mixin) fabric-transfer-api-v1.mixins.json:CrafterBlockMixin from mod fabric-transfer-api-v1->@Inject::transferOrSpawnStack(Lnet/minecraft/server/level/ServerLevel;Lnet/minecraft/core/BlockPos;Lnet/minecraft/world/level/block/entity/CrafterBlockEntity;Lnet/minecraft/world/item/ItemStack;Lnet/minecraft/world/level/block/state/BlockState;Lnet/minecraft/world/item/crafting/RecipeHolder;Lorg/spongepowered/asm/mixin/injection/callback/CallbackInfo;)V has 0 override(s) in child classes
[20:58:18] [main/DEBUG] (FabricLoader/Mixin) fabric-transfer-api-v1.mixins.json:CrafterBlockMixin from mod fabric-transfer-api-v1->@Inject::transferOrSpawnStack(Lnet/minecraft/server/level/ServerLevel;Lnet/minecraft/core/BlockPos;Lnet/minecraft/world/level/block/entity/CrafterBlockEntity;Lnet/minecraft/world/item/ItemStack;Lnet/minecraft/world/level/block/state/BlockState;Lnet/minecraft/world/item/crafting/RecipeHolder;Lorg/spongepowered/asm/mixin/injection/callback/CallbackInfo;)V won't be passed a CallbackInfo as a result
[20:58:18] [main/DEBUG] (FabricLoader/Mixin) fabric-transfer-api-v1.mixins.json:CrafterBlockMixin from mod fabric-transfer-api-v1->@Inject::transferOrSpawnStack(Lnet/minecraft/server/level/ServerLevel;Lnet/minecraft/core/BlockPos;Lnet/minecraft/world/level/block/entity/CrafterBlockEntity;Lnet/minecraft/world/item/ItemStack;Lnet/minecraft/world/level/block/state/BlockState;Lnet/minecraft/world/item/crafting/RecipeHolder;Lorg/spongepowered/asm/mixin/injection/callback/CallbackInfo;)V doesn't use it's CallbackInfo
[20:58:18] [main/DEBUG] (FabricLoader/Mixin) fabric-transfer-api-v1.mixins.json:CrafterBlockMixin from mod fabric-transfer-api-v1->@Inject::transferOrSpawnStack(Lnet/minecraft/server/level/ServerLevel;Lnet/minecraft/core/BlockPos;Lnet/minecraft/world/level/block/entity/CrafterBlockEntity;Lnet/minecraft/world/item/ItemStack;Lnet/minecraft/world/level/block/state/BlockState;Lnet/minecraft/world/item/crafting/RecipeHolder;Lorg/spongepowered/asm/mixin/injection/callback/CallbackInfo;)V has 0 override(s) in child classes
[20:58:18] [main/DEBUG] (FabricLoader/Mixin) fabric-transfer-api-v1.mixins.json:CrafterBlockMixin from mod fabric-transfer-api-v1->@Inject::transferOrSpawnStack(Lnet/minecraft/server/level/ServerLevel;Lnet/minecraft/core/BlockPos;Lnet/minecraft/world/level/block/entity/CrafterBlockEntity;Lnet/minecraft/world/item/ItemStack;Lnet/minecraft/world/level/block/state/BlockState;Lnet/minecraft/world/item/crafting/RecipeHolder;Lorg/spongepowered/asm/mixin/injection/callback/CallbackInfo;)V won't be passed a CallbackInfo as a result
[20:58:18] [main/DEBUG] (FabricLoader/Mixin) fabric-transfer-api-v1.mixins.json:CrafterBlockMixin from mod fabric-transfer-api-v1->@Inject::transferOrSpawnStack(Lnet/minecraft/server/level/ServerLevel;Lnet/minecraft/core/BlockPos;Lnet/minecraft/world/level/block/entity/CrafterBlockEntity;Lnet/minecraft/world/item/ItemStack;Lnet/minecraft/world/level/block/state/BlockState;Lnet/minecraft/world/item/crafting/RecipeHolder;Lorg/spongepowered/asm/mixin/injection/callback/CallbackInfo;)V doesn't use it's CallbackInfo
[20:58:18] [main/DEBUG] (FabricLoader/Mixin) fabric-transfer-api-v1.mixins.json:CrafterBlockMixin from mod fabric-transfer-api-v1->@Inject::transferOrSpawnStack(Lnet/minecraft/server/level/ServerLevel;Lnet/minecraft/core/BlockPos;Lnet/minecraft/world/level/block/entity/CrafterBlockEntity;Lnet/minecraft/world/item/ItemStack;Lnet/minecraft/world/level/block/state/BlockState;Lnet/minecraft/world/item/crafting/RecipeHolder;Lorg/spongepowered/asm/mixin/injection/callback/CallbackInfo;)V has 0 override(s) in child classes
[20:58:18] [main/DEBUG] (FabricLoader/Mixin) fabric-transfer-api-v1.mixins.json:CrafterBlockMixin from mod fabric-transfer-api-v1->@Inject::transferOrSpawnStack(Lnet/minecraft/server/level/ServerLevel;Lnet/minecraft/core/BlockPos;Lnet/minecraft/world/level/block/entity/CrafterBlockEntity;Lnet/minecraft/world/item/ItemStack;Lnet/minecraft/world/level/block/state/BlockState;Lnet/minecraft/world/item/crafting/RecipeHolder;Lorg/spongepowered/asm/mixin/injection/callback/CallbackInfo;)V won't be passed a CallbackInfo as a result
[20:58:18] [main/DEBUG] (FabricLoader/Mixin) Mixing ItemStackMixin from fabric-events-interaction-v0.mixins.json into net.minecraft.world.item.ItemStack
[20:58:18] [main/DEBUG] (FabricLoader/Mixin) Mixing ItemStackAccessor from fabric-transfer-api-v1.mixins.json into net.minecraft.world.item.ItemStack
[20:58:18] [main/DEBUG] (FabricLoader/Mixin) Renaming @Invoker method validateComponents(Lnet/minecraft/core/component/DataComponentMap;)Lcom/mojang/serialization/DataResult; to validateComponents$fabric-transfer-api-v1_$md$b6a30c$0 in fabric-transfer-api-v1.mixins.json:ItemStackAccessor from mod fabric-transfer-api-v1
[20:58:18] [main/DEBUG] (FabricLoader/Mixin) Mixing ItemStackMixin from fabric-item-api-v1.mixins.json into net.minecraft.world.item.ItemStack
[20:58:18] [main/DEBUG] (FabricLoader/Mixin) Renaming synthetic method lambda$hookDamage$0(Lorg/apache/commons/lang3/mutable/MutableBoolean;Ljava/util/function/Consumer;)V to mdb6a30c$fabric-item-api-v1$lambda$hookDamage$0$1 in fabric-item-api-v1.mixins.json:ItemStackMixin from mod fabric-item-api-v1
[20:58:18] [main/DEBUG] (FabricLoader/Mixin) fabric-item-api-v1.mixins.json:ItemStackMixin from mod fabric-item-api-v1->@Inject::preAttributeModifiers(Lnet/minecraft/world/item/Item$TooltipContext;Lnet/minecraft/world/item/component/TooltipDisplay;Lnet/minecraft/world/entity/player/Player;Lnet/minecraft/world/item/TooltipFlag;Ljava/util/function/Consumer;Lorg/spongepowered/asm/mixin/injection/callback/CallbackInfo;)V doesn't use it's CallbackInfo
[20:58:18] [main/DEBUG] (FabricLoader/Mixin) fabric-item-api-v1.mixins.json:ItemStackMixin from mod fabric-item-api-v1->@Inject::postTooltipsAdvanced(Lnet/minecraft/world/item/Item$TooltipContext;Lnet/minecraft/world/item/component/TooltipDisplay;Lnet/minecraft/world/entity/player/Player;Lnet/minecraft/world/item/TooltipFlag;Ljava/util/function/Consumer;Lorg/spongepowered/asm/mixin/injection/callback/CallbackInfo;)V doesn't use it's CallbackInfo
[20:58:18] [main/DEBUG] (FabricLoader/Mixin) Mixing ValueOutputMixin from fabric-serialization-api-v1.mixins.json into net.minecraft.world.level.storage.ValueOutput
[20:58:18] [main/DEBUG] (FabricLoader/Mixin) Mixing ServerPlayerMixin from fabric-entity-events-v1.mixins.json into net.minecraft.server.level.ServerPlayer
[20:58:18] [main/DEBUG] (FabricLoader/Mixin) Mixing ServerPlayerMixin from fabric-networking-api-v1.mixins.json into net.minecraft.server.level.ServerPlayer
[20:58:18] [main/DEBUG] (FabricLoader/Mixin) Mixing ServerPlayerMixin from fabric-menu-api-v1.mixins.json into net.minecraft.server.level.ServerPlayer
[20:58:18] [main/DEBUG] (FabricLoader/Mixin) Mixing ServerPlayerMixin from fabric-events-interaction-v0.mixins.json into net.minecraft.server.level.ServerPlayer
[20:58:18] [main/DEBUG] (FabricLoader/Mixin) Mixing ServerPlayerMixin from fabric-particles-v1.mixins.json into net.minecraft.server.level.ServerPlayer
[20:58:18] [main/DEBUG] (FabricLoader/Mixin) fabric-entity-events-v1.mixins.json:ServerPlayerMixin from mod fabric-entity-events-v1->@Inject::callOnKillForPlayer(Lnet/minecraft/world/damagesource/DamageSource;Lorg/spongepowered/asm/mixin/injection/callback/CallbackInfo;)V doesn't use it's CallbackInfo
[20:58:18] [main/DEBUG] (FabricLoader/Mixin) fabric-entity-events-v1.mixins.json:ServerPlayerMixin from mod fabric-entity-events-v1->@Inject::callOnKillForPlayer(Lnet/minecraft/world/damagesource/DamageSource;Lorg/spongepowered/asm/mixin/injection/callback/CallbackInfo;)V has 0 override(s) in child classes
[20:58:18] [main/DEBUG] (FabricLoader/Mixin) fabric-entity-events-v1.mixins.json:ServerPlayerMixin from mod fabric-entity-events-v1->@Inject::callOnKillForPlayer(Lnet/minecraft/world/damagesource/DamageSource;Lorg/spongepowered/asm/mixin/injection/callback/CallbackInfo;)V won't be passed a CallbackInfo as a result
[20:58:18] [main/DEBUG] (FabricLoader/Mixin) fabric-entity-events-v1.mixins.json:ServerPlayerMixin from mod fabric-entity-events-v1->@Inject::notifyDeath(Lnet/minecraft/world/damagesource/DamageSource;Lorg/spongepowered/asm/mixin/injection/callback/CallbackInfo;)V doesn't use it's CallbackInfo
[20:58:18] [main/DEBUG] (FabricLoader/Mixin) fabric-entity-events-v1.mixins.json:ServerPlayerMixin from mod fabric-entity-events-v1->@Inject::notifyDeath(Lnet/minecraft/world/damagesource/DamageSource;Lorg/spongepowered/asm/mixin/injection/callback/CallbackInfo;)V has 0 override(s) in child classes
[20:58:18] [main/DEBUG] (FabricLoader/Mixin) fabric-entity-events-v1.mixins.json:ServerPlayerMixin from mod fabric-entity-events-v1->@Inject::notifyDeath(Lnet/minecraft/world/damagesource/DamageSource;Lorg/spongepowered/asm/mixin/injection/callback/CallbackInfo;)V won't be passed a CallbackInfo as a result
[20:58:18] [main/DEBUG] (FabricLoader/Mixin) fabric-entity-events-v1.mixins.json:ServerPlayerMixin from mod fabric-entity-events-v1->@Inject::afterLevelChanged(Lnet/minecraft/server/level/ServerLevel;Lorg/spongepowered/asm/mixin/injection/callback/CallbackInfo;)V doesn't use it's CallbackInfo
[20:58:18] [main/DEBUG] (FabricLoader/Mixin) fabric-entity-events-v1.mixins.json:ServerPlayerMixin from mod fabric-entity-events-v1->@Inject::afterLevelChanged(Lnet/minecraft/server/level/ServerLevel;Lorg/spongepowered/asm/mixin/injection/callback/CallbackInfo;)V has 0 override(s) in child classes
[20:58:18] [main/DEBUG] (FabricLoader/Mixin) fabric-entity-events-v1.mixins.json:ServerPlayerMixin from mod fabric-entity-events-v1->@Inject::afterLevelChanged(Lnet/minecraft/server/level/ServerLevel;Lorg/spongepowered/asm/mixin/injection/callback/CallbackInfo;)V won't be passed a CallbackInfo as a result
[20:58:18] [main/DEBUG] (FabricLoader/Mixin) fabric-entity-events-v1.mixins.json:ServerPlayerMixin from mod fabric-entity-events-v1->@Inject::onCopyFrom(Lnet/minecraft/server/level/ServerPlayer;ZLorg/spongepowered/asm/mixin/injection/callback/CallbackInfo;)V doesn't use it's CallbackInfo
[20:58:18] [main/DEBUG] (FabricLoader/Mixin) fabric-entity-events-v1.mixins.json:ServerPlayerMixin from mod fabric-entity-events-v1->@Inject::onCopyFrom(Lnet/minecraft/server/level/ServerPlayer;ZLorg/spongepowered/asm/mixin/injection/callback/CallbackInfo;)V has 0 override(s) in child classes
[20:58:18] [main/DEBUG] (FabricLoader/Mixin) fabric-entity-events-v1.mixins.json:ServerPlayerMixin from mod fabric-entity-events-v1->@Inject::onCopyFrom(Lnet/minecraft/server/level/ServerPlayer;ZLorg/spongepowered/asm/mixin/injection/callback/CallbackInfo;)V won't be passed a CallbackInfo as a result
[20:58:18] [main/DEBUG] (FabricLoader/Mixin) fabric-menu-api-v1.mixins.json:ServerPlayerMixin from mod fabric-menu-api-v1->@Inject::fabric_storeOpenedMenu(Lnet/minecraft/world/MenuProvider;Lorg/spongepowered/asm/mixin/injection/callback/CallbackInfoReturnable;)V doesn't use it's CallbackInfoReturnable
[20:58:18] [main/DEBUG] (FabricLoader/Mixin) fabric-menu-api-v1.mixins.json:ServerPlayerMixin from mod fabric-menu-api-v1->@Inject::fabric_storeOpenedMenu(Lnet/minecraft/world/MenuProvider;Lorg/spongepowered/asm/mixin/injection/callback/CallbackInfoReturnable;)V has 0 override(s) in child classes
[20:58:18] [main/DEBUG] (FabricLoader/Mixin) fabric-menu-api-v1.mixins.json:ServerPlayerMixin from mod fabric-menu-api-v1->@Inject::fabric_storeOpenedMenu(Lnet/minecraft/world/MenuProvider;Lorg/spongepowered/asm/mixin/injection/callback/CallbackInfoReturnable;)V won't be passed a CallbackInfoReturnable as a result
[20:58:18] [main/DEBUG] (FabricLoader/Mixin) fabric-events-interaction-v0.mixins.json:ServerPlayerMixin from mod fabric-events-interaction-v0->@Inject::fakePlayerGameMode(Lnet/minecraft/world/level/GameType;Lorg/spongepowered/asm/mixin/injection/callback/CallbackInfoReturnable;)V does use it's CallbackInfoReturnable
[20:58:18] [main/DEBUG] (FabricLoader/Mixin) Mixing ItemMixin from fabric-transfer-api-v1.mixins.json into net.minecraft.world.item.Item
[20:58:18] [main/DEBUG] (FabricLoader/Mixin) Mixing ItemMixin from fabric-item-api-v1.mixins.json into net.minecraft.world.item.Item
[20:58:18] [main/DEBUG] (FabricLoader/Mixin) fabric-item-api-v1.mixins.json:ItemMixin from mod fabric-item-api-v1->@Inject::onConstruct(Lnet/minecraft/world/item/Item$Properties;Lorg/spongepowered/asm/mixin/injection/callback/CallbackInfo;)V doesn't use it's CallbackInfo
[20:58:18] [main/DEBUG] (FabricLoader/Mixin) fabric-item-api-v1.mixins.json:ItemMixin from mod fabric-item-api-v1->@Inject::onConstruct(Lnet/minecraft/world/item/Item$Properties;Lorg/spongepowered/asm/mixin/injection/callback/CallbackInfo;)V has 0 override(s) in child classes
[20:58:18] [main/DEBUG] (FabricLoader/Mixin) fabric-item-api-v1.mixins.json:ItemMixin from mod fabric-item-api-v1->@Inject::onConstruct(Lnet/minecraft/world/item/Item$Properties;Lorg/spongepowered/asm/mixin/injection/callback/CallbackInfo;)V won't be passed a CallbackInfo as a result
[20:58:18] [main/DEBUG] (FabricLoader/Mixin) Mixing BucketItemAccessor from fabric-transfer-api-v1.mixins.json into net.minecraft.world.item.BucketItem
[20:58:18] [main/DEBUG] (FabricLoader/Mixin) Mixing BucketItemMixin from fabric-transfer-api-v1.mixins.json into net.minecraft.world.item.BucketItem
[20:58:18] [main/DEBUG] (FabricLoader/Mixin) Mixing AxeItemAccessor from fabric-content-registries-v0.mixins.json into net.minecraft.world.item.AxeItem
[20:58:18] [main/DEBUG] (FabricLoader/Mixin) Renaming @Accessor method getStrippables()Ljava/util/Map; to getStrippables$fabric-content-registries-v0_$md$b6a30c$0 in fabric-content-registries-v0.mixins.json:AxeItemAccessor from mod fabric-content-registries-v0
[20:58:18] [main/DEBUG] (FabricLoader/Mixin) Renaming @Accessor method setStrippables(Ljava/util/Map;)V to setStrippables$fabric-content-registries-v0_$md$b6a30c$1 in fabric-content-registries-v0.mixins.json:AxeItemAccessor from mod fabric-content-registries-v0
[20:58:18] [main/DEBUG] (FabricLoader/Mixin) Mixing AxeItemMixin from fabric-content-registries-v0.mixins.json into net.minecraft.world.item.AxeItem
[20:58:18] [main/DEBUG] (FabricLoader/Mixin) Renaming synthetic method lambda$handleCustomStrippingBehavior$0(Lnet/fabricmc/fabric/api/registry/StrippableBlockRegistry$StrippingTransformer;Lnet/minecraft/world/level/block/state/BlockState;Lnet/minecraft/world/level/block/Block;)Lnet/minecraft/world/level/block/state/BlockState; to mdb6a30c$fabric-content-registries-v0$lambda$handleCustomStrippingBehavior$0$2 in fabric-content-registries-v0.mixins.json:AxeItemMixin from mod fabric-content-registries-v0
[20:58:18] [main/DEBUG] (FabricLoader/Mixin) Mixing HoeItemAccessor from fabric-content-registries-v0.mixins.json into net.minecraft.world.item.HoeItem
[20:58:18] [main/DEBUG] (FabricLoader/Mixin) Renaming @Accessor method getTillables()Ljava/util/Map; to getTillables$fabric-content-registries-v0_$md$b6a30c$0 in fabric-content-registries-v0.mixins.json:HoeItemAccessor from mod fabric-content-registries-v0
[20:58:19] [main/DEBUG] (FabricLoader/Mixin) Mixing ShovelItemAccessor from fabric-content-registries-v0.mixins.json into net.minecraft.world.item.ShovelItem
[20:58:19] [main/DEBUG] (FabricLoader/Mixin) Renaming @Accessor method getFlattenables()Ljava/util/Map; to getFlattenables$fabric-content-registries-v0_$md$b6a30c$0 in fabric-content-registries-v0.mixins.json:ShovelItemAccessor from mod fabric-content-registries-v0
[20:58:19] [main/DEBUG] (FabricLoader/Mixin) Mixing ItemPropertiesMixin from fabric-item-api-v1.mixins.json into net.minecraft.world.item.Item$Properties
[20:58:19] [main/DEBUG] (FabricLoader/Mixin) Mixing BundleContentsAccessor from fabric-transfer-api-v1.mixins.json into net.minecraft.world.item.component.BundleContents
[20:58:19] [main/DEBUG] (FabricLoader/Mixin) Renaming @Invoker method getWeight(Lnet/minecraft/world/item/ItemInstance;)Lcom/mojang/serialization/DataResult; to getWeight$fabric-transfer-api-v1_$md$b6a30c$0 in fabric-transfer-api-v1.mixins.json:BundleContentsAccessor from mod fabric-transfer-api-v1
[20:58:19] [main/DEBUG] (FabricLoader/Mixin) Mixing fluid.AbstractBoatMixin from fabric-content-registries-v0.mixins.json into net.minecraft.world.entity.vehicle.boat.AbstractBoat
[20:58:19] [main/DEBUG] (FabricLoader/Mixin) Mixing EntityTypeBuilderMixin from fabric-object-builder-v1.mixins.json into net.minecraft.world.entity.EntityType$Builder
[20:58:19] [main/DEBUG] (FabricLoader/Mixin) fabric-object-builder-v1.mixins.json:EntityTypeBuilderMixin from mod fabric-object-builder-api-v1->@Inject::applyChildBuilders(Lnet/minecraft/resources/ResourceKey;Lorg/spongepowered/asm/mixin/injection/callback/CallbackInfoReturnable;)V does use it's CallbackInfoReturnable
[20:58:19] [main/DEBUG] (FabricLoader/Mixin) Mixing DimensionStorageFileFixMixin from fabric-data-attachment-api-v1.mixins.json into net.minecraft.util.filefix.fixes.DimensionStorageFileFix
[20:58:19] [main/DEBUG] (FabricLoader/Mixin) Mixing TaggedChoiceMixin from fabric-dimensions-v1.mixins.json into com.mojang.datafixers.types.templates.TaggedChoice
[20:58:19] [main/DEBUG] (FabricLoader/Mixin) fabric-dimensions-v1.mixins.json:TaggedChoiceMixin from mod fabric-dimensions-v1->@Inject::onApply(Lcom/mojang/datafixers/util/Pair;Lorg/spongepowered/asm/mixin/injection/callback/CallbackInfoReturnable;)V does use it's CallbackInfoReturnable
[20:58:19] [main/DEBUG] (FabricLoader/Mixin) Mixing TaggedChoiceTaggedChoiceTypeMixin from fabric-dimensions-v1.mixins.json into com.mojang.datafixers.types.templates.TaggedChoice$TaggedChoiceType
[20:58:19] [main/DEBUG] (FabricLoader/Mixin) fabric-dimensions-v1.mixins.json:TaggedChoiceTaggedChoiceTypeMixin from mod fabric-dimensions-v1->@Inject::onGetCodec(Ljava/lang/Object;Lorg/spongepowered/asm/mixin/injection/callback/CallbackInfoReturnable;)V does use it's CallbackInfoReturnable
[20:58:19] [main/DEBUG] (FabricLoader/Mixin) Mixing V2832Mixin from fabric-dimensions-v1.mixins.json into net.minecraft.util.datafix.schemas.V2832
[20:58:19] [main/DEBUG] (FabricLoader/Mixin) Mixing BreezeMixin from fabric-particles-v1.mixins.json into net.minecraft.world.entity.monster.breeze.Breeze
[20:58:20] [main/DEBUG] (FabricLoader/Mixin) Mixing VillagerAccessor from fabric-content-registries-v0.mixins.json into net.minecraft.world.entity.npc.villager.Villager
[20:58:20] [main/DEBUG] (FabricLoader/Mixin) Renaming @Accessor method fabric_setItemFoodValues(Ljava/util/Map;)V to fabric_setItemFoodValues$fabric-content-registries-v0_$md$b6a30c$0 in fabric-content-registries-v0.mixins.json:VillagerAccessor from mod fabric-content-registries-v0
[20:58:20] [main/DEBUG] (FabricLoader/Mixin) Mixing VillagerMixin from fabric-content-registries-v0.mixins.json into net.minecraft.world.entity.npc.villager.Villager
[20:58:20] [main/DEBUG] (FabricLoader/Mixin) Mixing EntityDataSerializersAccessor from fabric-object-builder-v1.mixins.json into net.minecraft.network.syncher.EntityDataSerializers
[20:58:20] [main/DEBUG] (FabricLoader/Mixin) Renaming @Accessor method fabric_getDataHandlers()Lnet/minecraft/util/CrudeIncrementalIntIdentityHashBiMap; to fabric_getDataHandlers$fabric-object-builder-api-v1_$md$b6a30c$0 in fabric-object-builder-v1.mixins.json:EntityDataSerializersAccessor from mod fabric-object-builder-api-v1
[20:58:20] [main/DEBUG] (FabricLoader/Mixin) Mixing EntityDataSerializersMixin from fabric-object-builder-v1.mixins.json into net.minecraft.network.syncher.EntityDataSerializers
[20:58:20] [main/DEBUG] (FabricLoader/Mixin) fabric-object-builder-v1.mixins.json:EntityDataSerializersMixin from mod fabric-object-builder-api-v1->@Inject::storeVanillaHandlers(Lorg/spongepowered/asm/mixin/injection/callback/CallbackInfo;)V doesn't use it's CallbackInfo
[20:58:20] [main/DEBUG] (FabricLoader/Mixin) fabric-object-builder-v1.mixins.json:EntityDataSerializersMixin from mod fabric-object-builder-api-v1->@Inject::onHeadRegister(Lnet/minecraft/network/syncher/EntityDataSerializer;Lorg/spongepowered/asm/mixin/injection/callback/CallbackInfo;)V doesn't use it's CallbackInfo
[20:58:20] [main/DEBUG] (FabricLoader/Mixin) Mixing AttachmentTargetsMixin from fabric-data-attachment-api-v1.mixins.json into net.minecraft.world.level.chunk.ChunkAccess
[20:58:20] [main/DEBUG] (FabricLoader/Mixin) Mixing ChunkAccessMixin from fabric-data-attachment-api-v1.mixins.json into net.minecraft.world.level.chunk.ChunkAccess
[20:58:20] [main/DEBUG] (FabricLoader/Mixin) Mixing LevelChunkMixin from fabric-data-attachment-api-v1.mixins.json into net.minecraft.world.level.chunk.LevelChunk
[20:58:20] [main/DEBUG] (FabricLoader/Mixin) Renaming synthetic method lambda$fabric_syncChange$0(Lnet/fabricmc/fabric/api/attachment/v1/AttachmentType;Lnet/fabricmc/fabric/impl/attachment/sync/AttachmentChange;Lnet/minecraft/server/level/ServerPlayer;)V to mdb6a30c$fabric-data-attachment-api-v1$lambda$fabric_syncChange$0$0 in fabric-data-attachment-api-v1.mixins.json:LevelChunkMixin from mod fabric-data-attachment-api-v1
[20:58:20] [main/DEBUG] (FabricLoader/Mixin) Mixing server.LevelChunkMixin from fabric-lifecycle-events-v1.mixins.json into net.minecraft.world.level.chunk.LevelChunk
[20:58:20] [main/DEBUG] (FabricLoader/Mixin) fabric-data-attachment-api-v1.mixins.json:LevelChunkMixin from mod fabric-data-attachment-api-v1->@Inject::transferProtoChunkAttachment(Lnet/minecraft/server/level/ServerLevel;Lnet/minecraft/world/level/chunk/ProtoChunk;Lnet/minecraft/world/level/chunk/LevelChunk$PostLoadProcessor;Lorg/spongepowered/asm/mixin/injection/callback/CallbackInfo;)V doesn't use it's CallbackInfo
[20:58:20] [main/DEBUG] (FabricLoader/Mixin) fabric-data-attachment-api-v1.mixins.json:LevelChunkMixin from mod fabric-data-attachment-api-v1->@Inject::transferProtoChunkAttachment(Lnet/minecraft/server/level/ServerLevel;Lnet/minecraft/world/level/chunk/ProtoChunk;Lnet/minecraft/world/level/chunk/LevelChunk$PostLoadProcessor;Lorg/spongepowered/asm/mixin/injection/callback/CallbackInfo;)V has 0 override(s) in child classes
[20:58:20] [main/DEBUG] (FabricLoader/Mixin) fabric-data-attachment-api-v1.mixins.json:LevelChunkMixin from mod fabric-data-attachment-api-v1->@Inject::transferProtoChunkAttachment(Lnet/minecraft/server/level/ServerLevel;Lnet/minecraft/world/level/chunk/ProtoChunk;Lnet/minecraft/world/level/chunk/LevelChunk$PostLoadProcessor;Lorg/spongepowered/asm/mixin/injection/callback/CallbackInfo;)V won't be passed a CallbackInfo as a result
[20:58:20] [main/DEBUG] (FabricLoader/Mixin) fabric-lifecycle-events-v1.mixins.json:server.LevelChunkMixin from mod fabric-lifecycle-events-v1->@Inject::onRemoveBlockEntity(Lnet/minecraft/world/level/block/entity/BlockEntity;Lorg/spongepowered/asm/mixin/injection/callback/CallbackInfo;)V doesn't use it's CallbackInfo
[20:58:20] [main/DEBUG] (FabricLoader/Mixin) fabric-lifecycle-events-v1.mixins.json:server.LevelChunkMixin from mod fabric-lifecycle-events-v1->@Inject::onRemoveBlockEntity(Lnet/minecraft/world/level/block/entity/BlockEntity;Lorg/spongepowered/asm/mixin/injection/callback/CallbackInfo;)V has 0 override(s) in child classes
[20:58:20] [main/DEBUG] (FabricLoader/Mixin) fabric-lifecycle-events-v1.mixins.json:server.LevelChunkMixin from mod fabric-lifecycle-events-v1->@Inject::onRemoveBlockEntity(Lnet/minecraft/world/level/block/entity/BlockEntity;Lorg/spongepowered/asm/mixin/injection/callback/CallbackInfo;)V won't be passed a CallbackInfo as a result
[20:58:20] [main/DEBUG] (FabricLoader/Mixin) fabric-lifecycle-events-v1.mixins.json:server.LevelChunkMixin from mod fabric-lifecycle-events-v1->@Inject::onRemoveBlockEntity(Lnet/minecraft/core/BlockPos;Lorg/spongepowered/asm/mixin/injection/callback/CallbackInfo;)V doesn't use it's CallbackInfo
[20:58:20] [main/DEBUG] (FabricLoader/Mixin) fabric-lifecycle-events-v1.mixins.json:server.LevelChunkMixin from mod fabric-lifecycle-events-v1->@Inject::onRemoveBlockEntity(Lnet/minecraft/core/BlockPos;Lorg/spongepowered/asm/mixin/injection/callback/CallbackInfo;)V has 0 override(s) in child classes
[20:58:20] [main/DEBUG] (FabricLoader/Mixin) fabric-lifecycle-events-v1.mixins.json:server.LevelChunkMixin from mod fabric-lifecycle-events-v1->@Inject::onRemoveBlockEntity(Lnet/minecraft/core/BlockPos;Lorg/spongepowered/asm/mixin/injection/callback/CallbackInfo;)V won't be passed a CallbackInfo as a result
[20:58:20] [main/DEBUG] (net.fabricmc.fabric.impl.object.builder.FabricEntityDataRegistryImpl) Stored 43 vanilla handlers
[20:58:20] [main/DEBUG] (FabricLoader/Mixin) Mixing WardenMixin from fabric-particles-v1.mixins.json into net.minecraft.world.entity.monster.warden.Warden
[20:58:20] [main/DEBUG] (FabricLoader/Mixin) Mixing ItemContainerContentsAccessor from fabric-transfer-api-v1.mixins.json into net.minecraft.world.item.component.ItemContainerContents
[20:58:20] [main/DEBUG] (FabricLoader/Mixin) Mixing LootTableAccessor from fabric-loot-api-v3.mixins.json into net.minecraft.world.level.storage.loot.LootTable
[20:58:20] [main/DEBUG] (FabricLoader/Mixin) Mixing LootTableMixin from fabric-loot-api-v3.mixins.json into net.minecraft.world.level.storage.loot.LootTable
[20:58:20] [main/DEBUG] (FabricLoader/Mixin) Mixing HoneycombItemMixin from fabric-content-registries-v0.mixins.json into net.minecraft.world.item.HoneycombItem
[20:58:20] [main/DEBUG] (FabricLoader/Mixin) fabric-content-registries-v0.mixins.json:HoneycombItemMixin from mod fabric-content-registries-v0->@Inject::createWaxables(Lorg/spongepowered/asm/mixin/injection/callback/CallbackInfoReturnable;)V does use it's CallbackInfoReturnable
[20:58:20] [main/DEBUG] (FabricLoader/Mixin) Mixing BrushItemMixin from fabric-particles-v1.mixins.json into net.minecraft.world.item.BrushItem
[20:58:21] [main/DEBUG] (FabricLoader/Mixin) Mixing EntitySelectorOptionsAccessor from fabric-command-api-v2.mixins.json into net.minecraft.commands.arguments.selector.options.EntitySelectorOptions
[20:58:21] [main/DEBUG] (FabricLoader/Mixin) Renaming @Invoker method callPutOption(Ljava/lang/String;Lnet/minecraft/commands/arguments/selector/options/EntitySelectorOptions$Modifier;Ljava/util/function/Predicate;Lnet/minecraft/network/chat/Component;)V to callPutOption$fabric-command-api-v2_$md$b6a30c$0 in fabric-command-api-v2.mixins.json:EntitySelectorOptionsAccessor from mod fabric-command-api-v2
[20:58:21] [main/DEBUG] (FabricLoader/Mixin) Mixing EntitySelectorParserMixin from fabric-command-api-v2.mixins.json into net.minecraft.commands.arguments.selector.EntitySelectorParser
[20:58:21] [main/DEBUG] (FabricLoader/Mixin) Generating mapped inner class net/minecraft/world/level/block/entity/ChiseledBookShelfBlockEntity$Anonymous$6b8fabc9a3dd3f94be74f1199f97fdb5 (originally net/fabricmc/fabric/mixin/transfer/ChiseledBookShelfBlockEntityMixin$1)
[20:58:21] [main/DEBUG] (FabricLoader/Mixin) Mixing SimpleContainerMixin from fabric-transfer-api-v1.mixins.json into net.minecraft.world.SimpleContainer
[20:58:21] [main/DEBUG] (FabricLoader/Mixin) Mixing CraftingRecipeMixin from fabric-item-api-v1.mixins.json into net.minecraft.world.item.crafting.CraftingRecipe
[20:58:21] [main/DEBUG] (FabricLoader/Mixin) Mixing ingredient.IngredientMixin from fabric-recipe-api-v1.mixins.json into net.minecraft.world.item.crafting.Ingredient
[20:58:21] [main/DEBUG] (FabricLoader/Mixin) Renaming synthetic method lambda$injectCodec$2(Lnet/minecraft/world/item/crafting/Ingredient;)Lcom/mojang/datafixers/util/Either; to mdb6a30c$fabric-recipe-api-v1$lambda$injectCodec$2$0 in fabric-recipe-api-v1.mixins.json:ingredient.IngredientMixin from mod fabric-recipe-api-v1
[20:58:21] [main/DEBUG] (FabricLoader/Mixin) Renaming synthetic method lambda$injectCodec$0(Lcom/mojang/datafixers/util/Either;)Lnet/minecraft/world/item/crafting/Ingredient; to mdb6a30c$fabric-recipe-api-v1$lambda$injectCodec$0$1 in fabric-recipe-api-v1.mixins.json:ingredient.IngredientMixin from mod fabric-recipe-api-v1
[20:58:21] [main/DEBUG] (FabricLoader/Mixin) Renaming synthetic method lambda$injectCodec$1(Lnet/minecraft/world/item/crafting/Ingredient;)Lnet/minecraft/world/item/crafting/Ingredient; to mdb6a30c$fabric-recipe-api-v1$lambda$injectCodec$1$2 in fabric-recipe-api-v1.mixins.json:ingredient.IngredientMixin from mod fabric-recipe-api-v1
[20:58:21] [main/DEBUG] (FabricLoader/Mixin) fabric-recipe-api-v1.mixins.json:ingredient.IngredientMixin from mod fabric-recipe-api-v1->@Inject::injectCodec(Lorg/spongepowered/asm/mixin/injection/callback/CallbackInfo;)V doesn't use it's CallbackInfo
[20:58:21] [main/DEBUG] (FabricLoader/Mixin) fabric-recipe-api-v1.mixins.json:ingredient.IngredientMixin from mod fabric-recipe-api-v1->@Inject::onGetEntries(Lnet/minecraft/world/item/crafting/Ingredient;Lorg/spongepowered/asm/mixin/injection/callback/CallbackInfoReturnable;)V does use it's CallbackInfoReturnable
[20:58:21] [main/DEBUG] (FabricLoader/Mixin) fabric-recipe-api-v1.mixins.json:ingredient.IngredientMixin from mod fabric-recipe-api-v1->@Inject::onGetEntries(Lnet/minecraft/world/item/crafting/Ingredient;Lorg/spongepowered/asm/mixin/injection/callback/CallbackInfoReturnable;)V does use it's CallbackInfoReturnable
[20:58:21] [main/DEBUG] (FabricLoader/Mixin) fabric-recipe-api-v1.mixins.json:ingredient.IngredientMixin from mod fabric-recipe-api-v1->@Inject::onGetEntries(Lnet/minecraft/world/item/crafting/Ingredient;Lorg/spongepowered/asm/mixin/injection/callback/CallbackInfoReturnable;)V does use it's CallbackInfoReturnable
[20:58:21] [main/DEBUG] (FabricLoader/Mixin) fabric-recipe-api-v1.mixins.json:ingredient.IngredientMixin from mod fabric-recipe-api-v1->@Inject::onHeadEquals(Ljava/lang/Object;Lorg/spongepowered/asm/mixin/injection/callback/CallbackInfoReturnable;)V does use it's CallbackInfoReturnable
[20:58:21] [main/DEBUG] (FabricLoader/Mixin) Mixing ingredient.ShapelessRecipeMixin from fabric-recipe-api-v1.mixins.json into net.minecraft.world.item.crafting.ShapelessRecipe
[20:58:21] [main/DEBUG] (FabricLoader/Mixin) fabric-recipe-api-v1.mixins.json:ingredient.ShapelessRecipeMixin from mod fabric-recipe-api-v1->@Inject::cacheRequiresTesting(Lnet/minecraft/world/item/crafting/Recipe$CommonInfo;Lnet/minecraft/world/item/crafting/CraftingRecipe$CraftingBookInfo;Lnet/minecraft/world/item/ItemStackTemplate;Ljava/util/List;Lorg/spongepowered/asm/mixin/injection/callback/CallbackInfo;)V doesn't use it's CallbackInfo
[20:58:21] [main/DEBUG] (FabricLoader/Mixin) fabric-recipe-api-v1.mixins.json:ingredient.ShapelessRecipeMixin from mod fabric-recipe-api-v1->@Inject::cacheRequiresTesting(Lnet/minecraft/world/item/crafting/Recipe$CommonInfo;Lnet/minecraft/world/item/crafting/CraftingRecipe$CraftingBookInfo;Lnet/minecraft/world/item/ItemStackTemplate;Ljava/util/List;Lorg/spongepowered/asm/mixin/injection/callback/CallbackInfo;)V has 0 override(s) in child classes
[20:58:21] [main/DEBUG] (FabricLoader/Mixin) fabric-recipe-api-v1.mixins.json:ingredient.ShapelessRecipeMixin from mod fabric-recipe-api-v1->@Inject::cacheRequiresTesting(Lnet/minecraft/world/item/crafting/Recipe$CommonInfo;Lnet/minecraft/world/item/crafting/CraftingRecipe$CraftingBookInfo;Lnet/minecraft/world/item/ItemStackTemplate;Ljava/util/List;Lorg/spongepowered/asm/mixin/injection/callback/CallbackInfo;)V won't be passed a CallbackInfo as a result
[20:58:21] [main/DEBUG] (FabricLoader/Mixin) fabric-recipe-api-v1.mixins.json:ingredient.ShapelessRecipeMixin from mod fabric-recipe-api-v1->@Inject::customIngredientMatch(Lnet/minecraft/world/item/crafting/CraftingInput;Lnet/minecraft/world/level/Level;Lorg/spongepowered/asm/mixin/injection/callback/CallbackInfoReturnable;)V does use it's CallbackInfoReturnable
[20:58:21] [main/DEBUG] (FabricLoader/Mixin) Mixing EnchantRandomlyFunctionMixin from fabric-item-api-v1.mixins.json into net.minecraft.world.level.storage.loot.functions.EnchantRandomlyFunction
[20:58:21] [main/DEBUG] (FabricLoader/Mixin) Mixing DimensionTypeAccessor from fabric-dimensions-v1.mixins.json into net.minecraft.world.level.dimension.DimensionType
[20:58:21] [main/DEBUG] (FabricLoader/Mixin) Mixing ChunkStatusTasksMixin from fabric-lifecycle-events-v1.mixins.json into net.minecraft.world.level.chunk.status.ChunkStatusTasks
[20:58:21] [main/DEBUG] (FabricLoader/Mixin) fabric-lifecycle-events-v1.mixins.json:ChunkStatusTasksMixin from mod fabric-lifecycle-events-v1->@Inject::onChunkLoad(Lnet/minecraft/world/level/chunk/ChunkAccess;Lnet/minecraft/world/level/chunk/status/WorldGenContext;Lnet/minecraft/server/level/GenerationChunkHolder;Lorg/spongepowered/asm/mixin/injection/callback/CallbackInfoReturnable;)V does use it's CallbackInfoReturnable
[20:58:21] [main/DEBUG] (FabricLoader/Mixin) Mixing StructureTemplateManagerMixin from fabric-gametest-api-v1.mixins.json into net.minecraft.world.level.levelgen.structure.templatesystem.StructureTemplateManager
[20:58:21] [main/DEBUG] (FabricLoader/Mixin) fabric-gametest-api-v1.mixins.json:StructureTemplateManagerMixin from mod fabric-gametest-api-v1->@Inject::addFabricTemplateProvider(Lnet/minecraft/server/packs/resources/ResourceManager;Lnet/minecraft/world/level/storage/LevelStorageSource$LevelStorageAccess;Lcom/mojang/datafixers/DataFixer;Lnet/minecraft/core/HolderGetter;Lorg/spongepowered/asm/mixin/injection/callback/CallbackInfo;)V doesn't use it's CallbackInfo
[20:58:21] [main/DEBUG] (FabricLoader/Mixin) fabric-gametest-api-v1.mixins.json:StructureTemplateManagerMixin from mod fabric-gametest-api-v1->@Inject::addFabricTemplateProvider(Lnet/minecraft/server/packs/resources/ResourceManager;Lnet/minecraft/world/level/storage/LevelStorageSource$LevelStorageAccess;Lcom/mojang/datafixers/DataFixer;Lnet/minecraft/core/HolderGetter;Lorg/spongepowered/asm/mixin/injection/callback/CallbackInfo;)V has 0 override(s) in child classes
[20:58:21] [main/DEBUG] (FabricLoader/Mixin) fabric-gametest-api-v1.mixins.json:StructureTemplateManagerMixin from mod fabric-gametest-api-v1->@Inject::addFabricTemplateProvider(Lnet/minecraft/server/packs/resources/ResourceManager;Lnet/minecraft/world/level/storage/LevelStorageSource$LevelStorageAccess;Lcom/mojang/datafixers/DataFixer;Lnet/minecraft/core/HolderGetter;Lorg/spongepowered/asm/mixin/injection/callback/CallbackInfo;)V won't be passed a CallbackInfo as a result
[20:58:21] [main/DEBUG] (FabricLoader/Mixin) Mixing BiomeSourceMixin from fabric-biome-api-v1.mixins.json into net.minecraft.world.level.biome.BiomeSource
[20:58:21] [main/DEBUG] (FabricLoader/Mixin) Mixing MultiNoiseBiomeSourceMixin from fabric-biome-api-v1.mixins.json into net.minecraft.world.level.biome.MultiNoiseBiomeSource
[20:58:21] [main/DEBUG] (FabricLoader/Mixin) Mixing NetherBiomePresetMixin from fabric-biome-api-v1.mixins.json into net.minecraft.world.level.biome.MultiNoiseBiomeSourceParameterList$Preset$1
[20:58:21] [main/DEBUG] (FabricLoader/Mixin) fabric-biome-api-v1.mixins.json:NetherBiomePresetMixin from mod fabric-biome-api-v1->@Inject::apply(Ljava/util/function/Function;Lorg/spongepowered/asm/mixin/injection/callback/CallbackInfoReturnable;)V does use it's CallbackInfoReturnable
[20:58:21] [main/DEBUG] (FabricLoader/Mixin) Mixing RegistryOpsAccessor from fabric-resource-conditions-api-v1.mixins.json into net.minecraft.resources.RegistryOps
[20:58:21] [main/DEBUG] (FabricLoader/Mixin) Mixing TheEndBiomeSourceMixin from fabric-biome-api-v1.mixins.json into net.minecraft.world.level.biome.TheEndBiomeSource
[20:58:21] [main/DEBUG] (FabricLoader/Mixin) Renaming synthetic method lambda$init$0(Lnet/minecraft/core/HolderGetter;)Lnet/fabricmc/fabric/impl/biome/TheEndBiomeData$Overrides; to mdb6a30c$fabric-biome-api-v1$lambda$init$0$0 in fabric-biome-api-v1.mixins.json:TheEndBiomeSourceMixin from mod fabric-biome-api-v1
[20:58:21] [main/DEBUG] (FabricLoader/Mixin) Renaming synthetic method lambda$modifyCodec$0(Lcom/mojang/serialization/codecs/RecordCodecBuilder$Instance;)Lcom/mojang/datafixers/kinds/App; to mdb6a30c$fabric-biome-api-v1$lambda$modifyCodec$0$1 in fabric-biome-api-v1.mixins.json:TheEndBiomeSourceMixin from mod fabric-biome-api-v1
[20:58:21] [main/DEBUG] (FabricLoader/Mixin) fabric-biome-api-v1.mixins.json:TheEndBiomeSourceMixin from mod fabric-biome-api-v1->@Inject::modifyCodec(Lorg/spongepowered/asm/mixin/injection/callback/CallbackInfo;)V doesn't use it's CallbackInfo
[20:58:21] [main/DEBUG] (FabricLoader/Mixin) fabric-biome-api-v1.mixins.json:TheEndBiomeSourceMixin from mod fabric-biome-api-v1->@Inject::rememberLookup(Lnet/minecraft/core/HolderGetter;Lorg/spongepowered/asm/mixin/injection/callback/CallbackInfoReturnable;)V doesn't use it's CallbackInfoReturnable
[20:58:21] [main/DEBUG] (FabricLoader/Mixin) fabric-biome-api-v1.mixins.json:TheEndBiomeSourceMixin from mod fabric-biome-api-v1->@Inject::clearLookup(Lnet/minecraft/core/HolderGetter;Lorg/spongepowered/asm/mixin/injection/callback/CallbackInfoReturnable;)V doesn't use it's CallbackInfoReturnable
[20:58:21] [main/DEBUG] (FabricLoader/Mixin) fabric-biome-api-v1.mixins.json:TheEndBiomeSourceMixin from mod fabric-biome-api-v1->@Inject::init(Lnet/minecraft/core/Holder;Lnet/minecraft/core/Holder;Lnet/minecraft/core/Holder;Lnet/minecraft/core/Holder;Lnet/minecraft/core/Holder;Lorg/spongepowered/asm/mixin/injection/callback/CallbackInfo;)V doesn't use it's CallbackInfo
[20:58:21] [main/DEBUG] (FabricLoader/Mixin) fabric-biome-api-v1.mixins.json:TheEndBiomeSourceMixin from mod fabric-biome-api-v1->@Inject::init(Lnet/minecraft/core/Holder;Lnet/minecraft/core/Holder;Lnet/minecraft/core/Holder;Lnet/minecraft/core/Holder;Lnet/minecraft/core/Holder;Lorg/spongepowered/asm/mixin/injection/callback/CallbackInfo;)V has 0 override(s) in child classes
[20:58:21] [main/DEBUG] (FabricLoader/Mixin) fabric-biome-api-v1.mixins.json:TheEndBiomeSourceMixin from mod fabric-biome-api-v1->@Inject::init(Lnet/minecraft/core/Holder;Lnet/minecraft/core/Holder;Lnet/minecraft/core/Holder;Lnet/minecraft/core/Holder;Lnet/minecraft/core/Holder;Lorg/spongepowered/asm/mixin/injection/callback/CallbackInfo;)V won't be passed a CallbackInfo as a result
[20:58:21] [main/DEBUG] (FabricLoader/Mixin) fabric-biome-api-v1.mixins.json:TheEndBiomeSourceMixin from mod fabric-biome-api-v1->@Inject::getWeightedEndBiome(IIILnet/minecraft/world/level/biome/Climate$Sampler;Lorg/spongepowered/asm/mixin/injection/callback/CallbackInfoReturnable;)V does use it's CallbackInfoReturnable
[20:58:21] [main/DEBUG] (FabricLoader/Mixin) fabric-biome-api-v1.mixins.json:TheEndBiomeSourceMixin from mod fabric-biome-api-v1->@Inject::getWeightedEndBiome(IIILnet/minecraft/world/level/biome/Climate$Sampler;Lorg/spongepowered/asm/mixin/injection/callback/CallbackInfoReturnable;)V does use it's CallbackInfoReturnable
[20:58:21] [main/DEBUG] (FabricLoader/Mixin) fabric-biome-api-v1.mixins.json:TheEndBiomeSourceMixin from mod fabric-biome-api-v1->@Inject::getWeightedEndBiome(IIILnet/minecraft/world/level/biome/Climate$Sampler;Lorg/spongepowered/asm/mixin/injection/callback/CallbackInfoReturnable;)V does use it's CallbackInfoReturnable
[20:58:21] [main/DEBUG] (FabricLoader/Mixin) fabric-biome-api-v1.mixins.json:TheEndBiomeSourceMixin from mod fabric-biome-api-v1->@Inject::getWeightedEndBiome(IIILnet/minecraft/world/level/biome/Climate$Sampler;Lorg/spongepowered/asm/mixin/injection/callback/CallbackInfoReturnable;)V does use it's CallbackInfoReturnable
[20:58:21] [main/DEBUG] (FabricLoader/Mixin) fabric-biome-api-v1.mixins.json:TheEndBiomeSourceMixin from mod fabric-biome-api-v1->@Inject::getWeightedEndBiome(IIILnet/minecraft/world/level/biome/Climate$Sampler;Lorg/spongepowered/asm/mixin/injection/callback/CallbackInfoReturnable;)V does use it's CallbackInfoReturnable
[20:58:21] [main/DEBUG] (FabricLoader/Mixin) Mixing DebugLevelSourceAccessor from fabric-registry-sync-v0.mixins.json into net.minecraft.world.level.levelgen.DebugLevelSource
[20:58:21] [main/DEBUG] (FabricLoader/Mixin) Renaming @Accessor method setALL_BLOCKS(Ljava/util/List;)V to setALL_BLOCKS$fabric-registry-sync-v0_$md$b6a30c$0 in fabric-registry-sync-v0.mixins.json:DebugLevelSourceAccessor from mod fabric-registry-sync-v0
[20:58:21] [main/DEBUG] (FabricLoader/Mixin) Renaming @Accessor method setGRID_WIDTH(I)V to setGRID_WIDTH$fabric-registry-sync-v0_$md$b6a30c$1 in fabric-registry-sync-v0.mixins.json:DebugLevelSourceAccessor from mod fabric-registry-sync-v0
[20:58:21] [main/DEBUG] (FabricLoader/Mixin) Renaming @Accessor method setGRID_HEIGHT(I)V to setGRID_HEIGHT$fabric-registry-sync-v0_$md$b6a30c$2 in fabric-registry-sync-v0.mixins.json:DebugLevelSourceAccessor from mod fabric-registry-sync-v0
[20:58:22] [main/DEBUG] (FabricLoader/Mixin) Mixing GameRulesServiceGameRuleUpdateMixin from fabric-game-rule-api-v1.mixins.json into net.minecraft.server.jsonrpc.methods.GameRulesService$GameRuleUpdate
[20:58:22] [main/DEBUG] (FabricLoader/Mixin) Renaming synthetic method lambda$fabric_createTypedCodec$0(Lnet/minecraft/world/level/gamerules/GameRule;Lcom/mojang/serialization/codecs/RecordCodecBuilder$Instance;)Lcom/mojang/datafixers/kinds/App; to mdb6a30c$fabric-game-rule-api-v1$lambda$fabric_createTypedCodec$0$0 in fabric-game-rule-api-v1.mixins.json:GameRulesServiceGameRuleUpdateMixin from mod fabric-game-rule-api-v1
[20:58:22] [main/DEBUG] (FabricLoader/Mixin) Renaming synthetic method lambda$fabric_createTypedCodec$2(Lnet/minecraft/world/level/gamerules/GameRule;Lnet/fabricmc/fabric/impl/gamerule/rpc/FabricGameRuleType;Ljava/lang/Object;)Lnet/minecraft/server/jsonrpc/methods/GameRulesService$GameRuleUpdate; to mdb6a30c$fabric-game-rule-api-v1$lambda$fabric_createTypedCodec$2$1 in fabric-game-rule-api-v1.mixins.json:GameRulesServiceGameRuleUpdateMixin from mod fabric-game-rule-api-v1
[20:58:22] [main/DEBUG] (FabricLoader/Mixin) Renaming synthetic method lambda$fabric_createTypedCodec$1(Lnet/minecraft/server/jsonrpc/methods/GameRulesService$GameRuleUpdate;)Lnet/fabricmc/fabric/impl/gamerule/rpc/FabricGameRuleType; to mdb6a30c$fabric-game-rule-api-v1$lambda$fabric_createTypedCodec$1$2 in fabric-game-rule-api-v1.mixins.json:GameRulesServiceGameRuleUpdateMixin from mod fabric-game-rule-api-v1
[20:58:22] [main/DEBUG] (FabricLoader/Mixin) Renaming synthetic method lambda$getValueAndFabricTypeCodec$1(Lnet/minecraft/server/jsonrpc/methods/GameRulesService$GameRuleUpdate;)Lcom/mojang/datafixers/util/Either; to mdb6a30c$fabric-game-rule-api-v1$lambda$getValueAndFabricTypeCodec$1$3 in fabric-game-rule-api-v1.mixins.json:GameRulesServiceGameRuleUpdateMixin from mod fabric-game-rule-api-v1
[20:58:22] [main/DEBUG] (FabricLoader/Mixin) Renaming synthetic method lambda$getValueAndFabricTypeCodec$0(Lcom/mojang/datafixers/util/Either;)Lnet/minecraft/server/jsonrpc/methods/GameRulesService$GameRuleUpdate; to mdb6a30c$fabric-game-rule-api-v1$lambda$getValueAndFabricTypeCodec$0$4 in fabric-game-rule-api-v1.mixins.json:GameRulesServiceGameRuleUpdateMixin from mod fabric-game-rule-api-v1
[20:58:22] [main/DEBUG] (FabricLoader/Mixin) fabric-game-rule-api-v1.mixins.json:GameRulesServiceGameRuleUpdateMixin from mod fabric-game-rule-api-v1->@Inject::updateFabricType(Lnet/minecraft/world/level/gamerules/GameRule;Ljava/lang/Object;Lorg/spongepowered/asm/mixin/injection/callback/CallbackInfo;)V doesn't use it's CallbackInfo
[20:58:22] [main/DEBUG] (FabricLoader/Mixin) Mixing DefaultAttributesAccessor from fabric-object-builder-v1.mixins.json into net.minecraft.world.entity.ai.attributes.DefaultAttributes
[20:58:22] [main/DEBUG] (FabricLoader/Mixin) Renaming @Accessor method getRegistry()Ljava/util/Map; to getRegistry$fabric-object-builder-api-v1_$md$b6a30c$0 in fabric-object-builder-v1.mixins.json:DefaultAttributesAccessor from mod fabric-object-builder-api-v1
[20:58:22] [main/DEBUG] (FabricLoader/Mixin) Mixing DefaultAttributesMixin from fabric-object-builder-v1.mixins.json into net.minecraft.world.entity.ai.attributes.DefaultAttributes
[20:58:22] [main/DEBUG] (FabricLoader/Mixin) fabric-object-builder-v1.mixins.json:DefaultAttributesMixin from mod fabric-object-builder-api-v1->@Inject::injectAttributes(Lorg/spongepowered/asm/mixin/injection/callback/CallbackInfo;)V doesn't use it's CallbackInfo
[20:58:22] [main/DEBUG] (FabricLoader/Entrypoint) Iterating over entrypoint 'main'
[20:58:22] [main/DEBUG] (FabricLoader/Mixin) Mixing ServerConfigurationPacketListenerImplMixin from fabric-networking-api-v1.mixins.json into net.minecraft.server.network.ServerConfigurationPacketListenerImpl
[20:58:22] [main/DEBUG] (FabricLoader/Mixin) Renaming synthetic method lambda$bindChannelInfo$0(Lnet/minecraft/network/RegistryFriendlyByteBuf;)Lnet/minecraft/network/RegistryFriendlyByteBuf; to mdb6a30c$fabric-networking-api-v1$lambda$bindChannelInfo$0$0 in fabric-networking-api-v1.mixins.json:ServerConfigurationPacketListenerImplMixin from mod fabric-networking-api-v1
[20:58:22] [main/DEBUG] (FabricLoader/Mixin) Mixing ServerConfigurationPacketListenerImplMixin from fabric-resource-loader-v1.mixins.json into net.minecraft.server.network.ServerConfigurationPacketListenerImpl
[20:58:22] [main/DEBUG] (FabricLoader/Mixin) fabric-networking-api-v1.mixins.json:ServerConfigurationPacketListenerImplMixin from mod fabric-networking-api-v1->@Inject::initAddon(Lorg/spongepowered/asm/mixin/injection/callback/CallbackInfo;)V doesn't use it's CallbackInfo
[20:58:22] [main/DEBUG] (FabricLoader/Mixin) fabric-networking-api-v1.mixins.json:ServerConfigurationPacketListenerImplMixin from mod fabric-networking-api-v1->@Inject::initAddon(Lorg/spongepowered/asm/mixin/injection/callback/CallbackInfo;)V has 0 override(s) in child classes
[20:58:22] [main/DEBUG] (FabricLoader/Mixin) fabric-networking-api-v1.mixins.json:ServerConfigurationPacketListenerImplMixin from mod fabric-networking-api-v1->@Inject::initAddon(Lorg/spongepowered/asm/mixin/injection/callback/CallbackInfo;)V won't be passed a CallbackInfo as a result
[20:58:22] [main/DEBUG] (FabricLoader/Mixin) fabric-networking-api-v1.mixins.json:ServerConfigurationPacketListenerImplMixin from mod fabric-networking-api-v1->@Inject::onClientReady(Lorg/spongepowered/asm/mixin/injection/callback/CallbackInfo;)V does use it's CallbackInfo
[20:58:22] [main/DEBUG] (FabricLoader/Mixin) Mixing ServerCommonPacketListenerImplMixin from fabric-networking-api-v1.mixins.json into net.minecraft.server.network.ServerCommonPacketListenerImpl
[20:58:22] [main/DEBUG] (FabricLoader/Mixin) Mixing accessor.ServerCommonPacketListenerImplAccessor from fabric-networking-api-v1.mixins.json into net.minecraft.server.network.ServerCommonPacketListenerImpl
[20:58:22] [main/DEBUG] (FabricLoader/Mixin) Mixing sync.ServerCommonPacketListenerImplAccessor from fabric-recipe-api-v1.mixins.json into net.minecraft.server.network.ServerCommonPacketListenerImpl
[20:58:22] [main/DEBUG] (FabricLoader/Mixin) fabric-networking-api-v1.mixins.json:ServerCommonPacketListenerImplMixin from mod fabric-networking-api-v1->@Inject::handleCustomPayloadReceivedAsync(Lnet/minecraft/network/protocol/common/ServerboundCustomPayloadPacket;Lorg/spongepowered/asm/mixin/injection/callback/CallbackInfo;)V does use it's CallbackInfo
[20:58:22] [main/DEBUG] (FabricLoader/Mixin) fabric-networking-api-v1.mixins.json:ServerCommonPacketListenerImplMixin from mod fabric-networking-api-v1->@Inject::onPlayPong(Lnet/minecraft/network/protocol/common/ServerboundPongPacket;Lorg/spongepowered/asm/mixin/injection/callback/CallbackInfo;)V doesn't use it's CallbackInfo
[20:58:22] [main/DEBUG] (FabricLoader/Mixin) fabric-networking-api-v1.mixins.json:ServerCommonPacketListenerImplMixin from mod fabric-networking-api-v1->@Inject::onPlayPong(Lnet/minecraft/network/protocol/common/ServerboundPongPacket;Lorg/spongepowered/asm/mixin/injection/callback/CallbackInfo;)V has 0 override(s) in child classes
[20:58:22] [main/DEBUG] (FabricLoader/Mixin) fabric-networking-api-v1.mixins.json:ServerCommonPacketListenerImplMixin from mod fabric-networking-api-v1->@Inject::onPlayPong(Lnet/minecraft/network/protocol/common/ServerboundPongPacket;Lorg/spongepowered/asm/mixin/injection/callback/CallbackInfo;)V won't be passed a CallbackInfo as a result
[20:58:22] [main/DEBUG] (FabricLoader/Mixin) Unexpected: Registered method getConnection()Lnet/minecraft/network/Connection; in net.minecraft.server.network.ServerCommonPacketListenerImpl was not merged
[20:58:22] [main/DEBUG] (FabricLoader/Mixin) Mixing modification.MinecraftServerMixin from fabric-biome-api-v1.mixins.json into net.minecraft.server.MinecraftServer
[20:58:22] [main/DEBUG] (FabricLoader/Mixin) Mixing ExampleMixin from chatmod.mixins.json into net.minecraft.server.MinecraftServer
[20:58:22] [main/DEBUG] (FabricLoader/Mixin) Mixing MinecraftServerMixin from fabric-data-attachment-api-v1.mixins.json into net.minecraft.server.MinecraftServer
[20:58:22] [main/DEBUG] (FabricLoader/Mixin) Renaming synthetic method lambda$initGlobalAttachments$0()Lnet/fabricmc/fabric/impl/attachment/AttachmentSavedData; to mdb6a30c$fabric-data-attachment-api-v1$lambda$initGlobalAttachments$0$0 in fabric-data-attachment-api-v1.mixins.json:MinecraftServerMixin from mod fabric-data-attachment-api-v1
[20:58:22] [main/DEBUG] (FabricLoader/Mixin) Mixing MinecraftServerMixin from fabric-resource-loader-v1.mixins.json into net.minecraft.server.MinecraftServer
[20:58:22] [main/DEBUG] (FabricLoader/Mixin) Renaming synthetic method lambda$init$0(Lnet/minecraft/server/packs/PackResources;)Ljava/util/stream/Stream; to mdb6a30c$fabric-resource-loader-v1$lambda$init$0$1 in fabric-resource-loader-v1.mixins.json:MinecraftServerMixin from mod fabric-resource-loader-v1
[20:58:22] [main/DEBUG] (FabricLoader/Mixin) Mixing MinecraftServerMixin from fabric-lifecycle-events-v1.mixins.json into net.minecraft.server.MinecraftServer
[20:58:22] [main/DEBUG] (FabricLoader/Mixin) Renaming synthetic method lambda$endResourceReload$0(Ljava/lang/Void;Ljava/lang/Throwable;)Ljava/lang/Void; to mdb6a30c$fabric-lifecycle-events-v1$lambda$endResourceReload$0$2 in fabric-lifecycle-events-v1.mixins.json:MinecraftServerMixin from mod fabric-lifecycle-events-v1
[20:58:22] [main/DEBUG] (FabricLoader/Mixin) Mixing MinecraftServerMixin from fabric-message-api-v1.mixins.json into net.minecraft.server.MinecraftServer
[20:58:22] [main/DEBUG] (FabricLoader/Mixin) Renaming synthetic method lambda$onGetChatDecorator$0(Lnet/minecraft/server/level/ServerPlayer;Lnet/minecraft/network/chat/Component;)Lnet/minecraft/network/chat/Component; to mdb6a30c$fabric-message-api-v1$lambda$onGetChatDecorator$0$3 in fabric-message-api-v1.mixins.json:MinecraftServerMixin from mod fabric-message-api-v1
[20:58:22] [main/DEBUG] (FabricLoader/Mixin) Mixing MinecraftServerMixin from fabric-game-rule-api-v1.mixins.json into net.minecraft.server.MinecraftServer
[20:58:22] [main/DEBUG] (FabricLoader/Mixin) fabric-biome-api-v1.mixins.json:modification.MinecraftServerMixin from mod fabric-biome-api-v1->@Inject::finalizeWorldGen(Lorg/spongepowered/asm/mixin/injection/callback/CallbackInfo;)V doesn't use it's CallbackInfo
[20:58:22] [main/DEBUG] (FabricLoader/Mixin) fabric-biome-api-v1.mixins.json:modification.MinecraftServerMixin from mod fabric-biome-api-v1->@Inject::finalizeWorldGen(Lorg/spongepowered/asm/mixin/injection/callback/CallbackInfo;)V has 0 override(s) in child classes
[20:58:22] [main/DEBUG] (FabricLoader/Mixin) fabric-biome-api-v1.mixins.json:modification.MinecraftServerMixin from mod fabric-biome-api-v1->@Inject::finalizeWorldGen(Lorg/spongepowered/asm/mixin/injection/callback/CallbackInfo;)V won't be passed a CallbackInfo as a result
[20:58:22] [main/DEBUG] (FabricLoader/Mixin) chatmod.mixins.json:ExampleMixin from mod chatmod->@Inject::init(Lorg/spongepowered/asm/mixin/injection/callback/CallbackInfo;)V doesn't use it's CallbackInfo
[20:58:22] [main/DEBUG] (FabricLoader/Mixin) chatmod.mixins.json:ExampleMixin from mod chatmod->@Inject::init(Lorg/spongepowered/asm/mixin/injection/callback/CallbackInfo;)V has 0 override(s) in child classes
[20:58:22] [main/DEBUG] (FabricLoader/Mixin) chatmod.mixins.json:ExampleMixin from mod chatmod->@Inject::init(Lorg/spongepowered/asm/mixin/injection/callback/CallbackInfo;)V won't be passed a CallbackInfo as a result
[20:58:22] [main/DEBUG] (FabricLoader/Mixin) fabric-data-attachment-api-v1.mixins.json:MinecraftServerMixin from mod fabric-data-attachment-api-v1->@Inject::initGlobalAttachments(Lorg/spongepowered/asm/mixin/injection/callback/CallbackInfo;)V doesn't use it's CallbackInfo
[20:58:22] [main/DEBUG] (FabricLoader/Mixin) fabric-data-attachment-api-v1.mixins.json:MinecraftServerMixin from mod fabric-data-attachment-api-v1->@Inject::initGlobalAttachments(Lorg/spongepowered/asm/mixin/injection/callback/CallbackInfo;)V has 0 override(s) in child classes
[20:58:22] [main/DEBUG] (FabricLoader/Mixin) fabric-data-attachment-api-v1.mixins.json:MinecraftServerMixin from mod fabric-data-attachment-api-v1->@Inject::initGlobalAttachments(Lorg/spongepowered/asm/mixin/injection/callback/CallbackInfo;)V won't be passed a CallbackInfo as a result
[20:58:22] [main/DEBUG] (FabricLoader/Mixin) fabric-resource-loader-v1.mixins.json:MinecraftServerMixin from mod fabric-resource-loader-v1->@Inject::init(Ljava/lang/Thread;Lnet/minecraft/world/level/storage/LevelStorageSource$LevelStorageAccess;Lnet/minecraft/server/packs/repository/PackRepository;Lnet/minecraft/server/WorldStem;Ljava/util/Optional;Ljava/net/Proxy;Lcom/mojang/datafixers/DataFixer;Lnet/minecraft/server/Services;Lnet/minecraft/server/level/progress/LevelLoadListener;ZLorg/spongepowered/asm/mixin/injection/callback/CallbackInfo;)V doesn't use it's CallbackInfo
[20:58:22] [main/DEBUG] (FabricLoader/Mixin) fabric-resource-loader-v1.mixins.json:MinecraftServerMixin from mod fabric-resource-loader-v1->@Inject::init(Ljava/lang/Thread;Lnet/minecraft/world/level/storage/LevelStorageSource$LevelStorageAccess;Lnet/minecraft/server/packs/repository/PackRepository;Lnet/minecraft/server/WorldStem;Ljava/util/Optional;Ljava/net/Proxy;Lcom/mojang/datafixers/DataFixer;Lnet/minecraft/server/Services;Lnet/minecraft/server/level/progress/LevelLoadListener;ZLorg/spongepowered/asm/mixin/injection/callback/CallbackInfo;)V has 0 override(s) in child classes
[20:58:22] [main/DEBUG] (FabricLoader/Mixin) fabric-resource-loader-v1.mixins.json:MinecraftServerMixin from mod fabric-resource-loader-v1->@Inject::init(Ljava/lang/Thread;Lnet/minecraft/world/level/storage/LevelStorageSource$LevelStorageAccess;Lnet/minecraft/server/packs/repository/PackRepository;Lnet/minecraft/server/WorldStem;Ljava/util/Optional;Ljava/net/Proxy;Lcom/mojang/datafixers/DataFixer;Lnet/minecraft/server/Services;Lnet/minecraft/server/level/progress/LevelLoadListener;ZLorg/spongepowered/asm/mixin/injection/callback/CallbackInfo;)V won't be passed a CallbackInfo as a result
[20:58:22] [main/DEBUG] (FabricLoader/Mixin) fabric-lifecycle-events-v1.mixins.json:MinecraftServerMixin from mod fabric-lifecycle-events-v1->@Inject::beforeSetupServer(Lorg/spongepowered/asm/mixin/injection/callback/CallbackInfo;)V doesn't use it's CallbackInfo
[20:58:22] [main/DEBUG] (FabricLoader/Mixin) fabric-lifecycle-events-v1.mixins.json:MinecraftServerMixin from mod fabric-lifecycle-events-v1->@Inject::beforeSetupServer(Lorg/spongepowered/asm/mixin/injection/callback/CallbackInfo;)V has 0 override(s) in child classes
[20:58:22] [main/DEBUG] (FabricLoader/Mixin) fabric-lifecycle-events-v1.mixins.json:MinecraftServerMixin from mod fabric-lifecycle-events-v1->@Inject::beforeSetupServer(Lorg/spongepowered/asm/mixin/injection/callback/CallbackInfo;)V won't be passed a CallbackInfo as a result
[20:58:22] [main/DEBUG] (FabricLoader/Mixin) fabric-lifecycle-events-v1.mixins.json:MinecraftServerMixin from mod fabric-lifecycle-events-v1->@Inject::afterSetupServer(Lorg/spongepowered/asm/mixin/injection/callback/CallbackInfo;)V doesn't use it's CallbackInfo
[20:58:22] [main/DEBUG] (FabricLoader/Mixin) fabric-lifecycle-events-v1.mixins.json:MinecraftServerMixin from mod fabric-lifecycle-events-v1->@Inject::afterSetupServer(Lorg/spongepowered/asm/mixin/injection/callback/CallbackInfo;)V has 0 override(s) in child classes
[20:58:22] [main/DEBUG] (FabricLoader/Mixin) fabric-lifecycle-events-v1.mixins.json:MinecraftServerMixin from mod fabric-lifecycle-events-v1->@Inject::afterSetupServer(Lorg/spongepowered/asm/mixin/injection/callback/CallbackInfo;)V won't be passed a CallbackInfo as a result
[20:58:22] [main/DEBUG] (FabricLoader/Mixin) fabric-lifecycle-events-v1.mixins.json:MinecraftServerMixin from mod fabric-lifecycle-events-v1->@Inject::beforeShutdownServer(Lorg/spongepowered/asm/mixin/injection/callback/CallbackInfo;)V doesn't use it's CallbackInfo
[20:58:22] [main/DEBUG] (FabricLoader/Mixin) fabric-lifecycle-events-v1.mixins.json:MinecraftServerMixin from mod fabric-lifecycle-events-v1->@Inject::beforeShutdownServer(Lorg/spongepowered/asm/mixin/injection/callback/CallbackInfo;)V has 0 override(s) in child classes
[20:58:22] [main/DEBUG] (FabricLoader/Mixin) fabric-lifecycle-events-v1.mixins.json:MinecraftServerMixin from mod fabric-lifecycle-events-v1->@Inject::beforeShutdownServer(Lorg/spongepowered/asm/mixin/injection/callback/CallbackInfo;)V won't be passed a CallbackInfo as a result
[20:58:22] [main/DEBUG] (FabricLoader/Mixin) fabric-lifecycle-events-v1.mixins.json:MinecraftServerMixin from mod fabric-lifecycle-events-v1->@Inject::afterShutdownServer(Lorg/spongepowered/asm/mixin/injection/callback/CallbackInfo;)V doesn't use it's CallbackInfo
[20:58:22] [main/DEBUG] (FabricLoader/Mixin) fabric-lifecycle-events-v1.mixins.json:MinecraftServerMixin from mod fabric-lifecycle-events-v1->@Inject::afterShutdownServer(Lorg/spongepowered/asm/mixin/injection/callback/CallbackInfo;)V has 0 override(s) in child classes
[20:58:22] [main/DEBUG] (FabricLoader/Mixin) fabric-lifecycle-events-v1.mixins.json:MinecraftServerMixin from mod fabric-lifecycle-events-v1->@Inject::afterShutdownServer(Lorg/spongepowered/asm/mixin/injection/callback/CallbackInfo;)V won't be passed a CallbackInfo as a result
[20:58:22] [main/DEBUG] (FabricLoader/Mixin) fabric-lifecycle-events-v1.mixins.json:MinecraftServerMixin from mod fabric-lifecycle-events-v1->@Inject::onStartTick(Ljava/util/function/BooleanSupplier;Lorg/spongepowered/asm/mixin/injection/callback/CallbackInfo;)V doesn't use it's CallbackInfo
[20:58:22] [main/DEBUG] (FabricLoader/Mixin) fabric-lifecycle-events-v1.mixins.json:MinecraftServerMixin from mod fabric-lifecycle-events-v1->@Inject::onStartTick(Ljava/util/function/BooleanSupplier;Lorg/spongepowered/asm/mixin/injection/callback/CallbackInfo;)V has 0 override(s) in child classes
[20:58:22] [main/DEBUG] (FabricLoader/Mixin) fabric-lifecycle-events-v1.mixins.json:MinecraftServerMixin from mod fabric-lifecycle-events-v1->@Inject::onStartTick(Ljava/util/function/BooleanSupplier;Lorg/spongepowered/asm/mixin/injection/callback/CallbackInfo;)V won't be passed a CallbackInfo as a result
[20:58:22] [main/DEBUG] (FabricLoader/Mixin) fabric-lifecycle-events-v1.mixins.json:MinecraftServerMixin from mod fabric-lifecycle-events-v1->@Inject::onEndTick(Ljava/util/function/BooleanSupplier;Lorg/spongepowered/asm/mixin/injection/callback/CallbackInfo;)V doesn't use it's CallbackInfo
[20:58:22] [main/DEBUG] (FabricLoader/Mixin) fabric-lifecycle-events-v1.mixins.json:MinecraftServerMixin from mod fabric-lifecycle-events-v1->@Inject::onEndTick(Ljava/util/function/BooleanSupplier;Lorg/spongepowered/asm/mixin/injection/callback/CallbackInfo;)V has 0 override(s) in child classes
[20:58:22] [main/DEBUG] (FabricLoader/Mixin) fabric-lifecycle-events-v1.mixins.json:MinecraftServerMixin from mod fabric-lifecycle-events-v1->@Inject::onEndTick(Ljava/util/function/BooleanSupplier;Lorg/spongepowered/asm/mixin/injection/callback/CallbackInfo;)V won't be passed a CallbackInfo as a result
[20:58:22] [main/DEBUG] (FabricLoader/Mixin) fabric-lifecycle-events-v1.mixins.json:MinecraftServerMixin from mod fabric-lifecycle-events-v1->@Inject::onUnloadWorldAtShutdown(Lorg/spongepowered/asm/mixin/injection/callback/CallbackInfo;)V doesn't use it's CallbackInfo
[20:58:22] [main/DEBUG] (FabricLoader/Mixin) fabric-lifecycle-events-v1.mixins.json:MinecraftServerMixin from mod fabric-lifecycle-events-v1->@Inject::onUnloadWorldAtShutdown(Lorg/spongepowered/asm/mixin/injection/callback/CallbackInfo;)V has 0 override(s) in child classes
[20:58:22] [main/DEBUG] (FabricLoader/Mixin) fabric-lifecycle-events-v1.mixins.json:MinecraftServerMixin from mod fabric-lifecycle-events-v1->@Inject::onUnloadWorldAtShutdown(Lorg/spongepowered/asm/mixin/injection/callback/CallbackInfo;)V won't be passed a CallbackInfo as a result
[20:58:22] [main/DEBUG] (FabricLoader/Mixin) fabric-lifecycle-events-v1.mixins.json:MinecraftServerMixin from mod fabric-lifecycle-events-v1->@Inject::startResourceReload(Ljava/util/Collection;Lorg/spongepowered/asm/mixin/injection/callback/CallbackInfoReturnable;)V doesn't use it's CallbackInfoReturnable
[20:58:22] [main/DEBUG] (FabricLoader/Mixin) fabric-lifecycle-events-v1.mixins.json:MinecraftServerMixin from mod fabric-lifecycle-events-v1->@Inject::startResourceReload(Ljava/util/Collection;Lorg/spongepowered/asm/mixin/injection/callback/CallbackInfoReturnable;)V has 0 override(s) in child classes
[20:58:22] [main/DEBUG] (FabricLoader/Mixin) fabric-lifecycle-events-v1.mixins.json:MinecraftServerMixin from mod fabric-lifecycle-events-v1->@Inject::startResourceReload(Ljava/util/Collection;Lorg/spongepowered/asm/mixin/injection/callback/CallbackInfoReturnable;)V won't be passed a CallbackInfoReturnable as a result
[20:58:22] [main/DEBUG] (FabricLoader/Mixin) fabric-lifecycle-events-v1.mixins.json:MinecraftServerMixin from mod fabric-lifecycle-events-v1->@Inject::endResourceReload(Ljava/util/Collection;Lorg/spongepowered/asm/mixin/injection/callback/CallbackInfoReturnable;)V does use it's CallbackInfoReturnable
[20:58:22] [main/DEBUG] (FabricLoader/Mixin) fabric-lifecycle-events-v1.mixins.json:MinecraftServerMixin from mod fabric-lifecycle-events-v1->@Inject::startSave(ZZZLorg/spongepowered/asm/mixin/injection/callback/CallbackInfoReturnable;)V doesn't use it's CallbackInfoReturnable
[20:58:22] [main/DEBUG] (FabricLoader/Mixin) fabric-lifecycle-events-v1.mixins.json:MinecraftServerMixin from mod fabric-lifecycle-events-v1->@Inject::startSave(ZZZLorg/spongepowered/asm/mixin/injection/callback/CallbackInfoReturnable;)V has 0 override(s) in child classes
[20:58:22] [main/DEBUG] (FabricLoader/Mixin) fabric-lifecycle-events-v1.mixins.json:MinecraftServerMixin from mod fabric-lifecycle-events-v1->@Inject::startSave(ZZZLorg/spongepowered/asm/mixin/injection/callback/CallbackInfoReturnable;)V won't be passed a CallbackInfoReturnable as a result
[20:58:22] [main/DEBUG] (FabricLoader/Mixin) fabric-lifecycle-events-v1.mixins.json:MinecraftServerMixin from mod fabric-lifecycle-events-v1->@Inject::endSave(ZZZLorg/spongepowered/asm/mixin/injection/callback/CallbackInfoReturnable;)V doesn't use it's CallbackInfoReturnable
[20:58:22] [main/DEBUG] (FabricLoader/Mixin) fabric-lifecycle-events-v1.mixins.json:MinecraftServerMixin from mod fabric-lifecycle-events-v1->@Inject::endSave(ZZZLorg/spongepowered/asm/mixin/injection/callback/CallbackInfoReturnable;)V has 0 override(s) in child classes
[20:58:22] [main/DEBUG] (FabricLoader/Mixin) fabric-lifecycle-events-v1.mixins.json:MinecraftServerMixin from mod fabric-lifecycle-events-v1->@Inject::endSave(ZZZLorg/spongepowered/asm/mixin/injection/callback/CallbackInfoReturnable;)V won't be passed a CallbackInfoReturnable as a result
[20:58:22] [main/DEBUG] (FabricLoader/Mixin) fabric-message-api-v1.mixins.json:MinecraftServerMixin from mod fabric-message-api-v1->@Inject::onGetChatDecorator(Lorg/spongepowered/asm/mixin/injection/callback/CallbackInfoReturnable;)V does use it's CallbackInfoReturnable
[20:58:22] [main/DEBUG] (FabricLoader/Mixin) fabric-game-rule-api-v1.mixins.json:MinecraftServerMixin from mod fabric-game-rule-api-v1->@Inject::handleGameRuleUpdate(Lnet/minecraft/world/level/gamerules/GameRule;Ljava/lang/Object;Lorg/spongepowered/asm/mixin/injection/callback/CallbackInfo;)V doesn't use it's CallbackInfo
[20:58:22] [main/DEBUG] (FabricLoader/Mixin) fabric-game-rule-api-v1.mixins.json:MinecraftServerMixin from mod fabric-game-rule-api-v1->@Inject::handleGameRuleUpdate(Lnet/minecraft/world/level/gamerules/GameRule;Ljava/lang/Object;Lorg/spongepowered/asm/mixin/injection/callback/CallbackInfo;)V has 0 override(s) in child classes
[20:58:22] [main/DEBUG] (FabricLoader/Mixin) fabric-game-rule-api-v1.mixins.json:MinecraftServerMixin from mod fabric-game-rule-api-v1->@Inject::handleGameRuleUpdate(Lnet/minecraft/world/level/gamerules/GameRule;Ljava/lang/Object;Lorg/spongepowered/asm/mixin/injection/callback/CallbackInfo;)V won't be passed a CallbackInfo as a result
[20:58:22] [main/DEBUG] (io.netty.util.internal.InternalThreadLocalMap) -Dio.netty.threadLocalMap.stringBuilder.initialSize: 1024
[20:58:22] [main/DEBUG] (io.netty.util.internal.InternalThreadLocalMap) -Dio.netty.threadLocalMap.stringBuilder.maxSize: 4096
[20:58:22] [main/DEBUG] (io.netty.buffer.AdaptiveByteBufAllocator) -Dio.netty.allocator.useCachedMagazinesForNonEventLoopThreads: false
[20:58:22] [main/DEBUG] (io.netty.util.internal.PlatformDependent0) Java version: 25
[20:58:22] [main/DEBUG] (io.netty.util.internal.PlatformDependent0) -Dio.netty.noUnsafe: false
[20:58:22] [main/DEBUG] (io.netty.util.internal.PlatformDependent0) sun.misc.Unsafe.theUnsafe: available
[20:58:22] [main/DEBUG] (io.netty.util.internal.PlatformDependent0) sun.misc.Unsafe base methods: all available
[20:58:22] [main/DEBUG] (io.netty.util.internal.PlatformDependent0) java.nio.Buffer.address: available
[20:58:22] [main/DEBUG] (io.netty.util.internal.PlatformDependent0) direct buffer constructor: unavailable: Reflective setAccessible(true) disabled
[20:58:22] [main/DEBUG] (io.netty.util.internal.PlatformDependent0) java.nio.Bits.unaligned: available, true
[20:58:22] [main/DEBUG] (io.netty.util.internal.PlatformDependent0) jdk.internal.misc.Unsafe.allocateUninitializedArray(int): unavailable: symbolic reference class is not accessible: class jdk.internal.misc.Unsafe, from class io.netty.util.internal.PlatformDependent0 (unnamed module @247bddad)
[20:58:22] [main/DEBUG] (io.netty.util.internal.PlatformDependent0) java.nio.DirectByteBuffer.<init>(long, {int,long}): unavailable
[20:58:22] [main/DEBUG] (io.netty.util.internal.PlatformDependent) sun.misc.Unsafe: available
[20:58:22] [main/DEBUG] (io.netty.util.internal.PlatformDependent) -Dio.netty.tmpdir: C:\Users\Peto\AppData\Local\Temp (java.io.tmpdir)
[20:58:22] [main/DEBUG] (io.netty.util.internal.PlatformDependent) -Dio.netty.bitMode: 64 (sun.arch.data.model)
[20:58:22] [main/DEBUG] (io.netty.util.internal.PlatformDependent) Platform: Windows
[20:58:22] [main/DEBUG] (io.netty.util.internal.PlatformDependent) -Dio.netty.maxDirectMemory: -1 bytes
[20:58:22] [main/DEBUG] (io.netty.util.internal.CleanerJava9) java.nio.ByteBuffer.cleaner(): available
[20:58:22] [main/DEBUG] (io.netty.util.internal.PlatformDependent) -Dio.netty.noPreferDirect: false
[20:58:22] [main/DEBUG] (io.netty.util.internal.PlatformDependent) -Dio.netty.jfr.enabled: true
[20:58:22] [main/DEBUG] (io.netty.util.Recycler) -Dio.netty.recycler.maxCapacityPerThread: 4096
[20:58:22] [main/DEBUG] (io.netty.util.Recycler) -Dio.netty.recycler.ratio: 8
[20:58:22] [main/DEBUG] (io.netty.util.Recycler) -Dio.netty.recycler.chunkSize: 32
[20:58:22] [main/DEBUG] (io.netty.util.Recycler) -Dio.netty.recycler.blocking: false
[20:58:22] [main/DEBUG] (io.netty.util.Recycler) -Dio.netty.recycler.batchFastThreadLocalOnly: true
[20:58:22] [main/DEBUG] (io.netty.buffer.ByteBufUtil) -Dio.netty.allocator.type: adaptive
[20:58:22] [main/DEBUG] (io.netty.buffer.ByteBufUtil) -Dio.netty.threadLocalDirectBufferSize: 0
[20:58:22] [main/DEBUG] (io.netty.buffer.ByteBufUtil) -Dio.netty.maxThreadLocalCharBufferSize: 16384
[20:58:22] [main/DEBUG] (FabricLoader/Mixin) Mixing VarIntAccessor from fabric-data-attachment-api-v1.mixins.json into net.minecraft.network.VarInt
[20:58:22] [main/DEBUG] (FabricLoader/Mixin) Renaming @Accessor method getMaxByteSize()I to getMaxByteSize$fabric-data-attachment-api-v1_$md$b6a30c$0 in fabric-data-attachment-api-v1.mixins.json:VarIntAccessor from mod fabric-data-attachment-api-v1
[20:58:22] [main/DEBUG] (FabricLoader/Mixin) Mixing ClientboundCustomPayloadPacketMixin from fabric-networking-api-v1.mixins.json into net.minecraft.network.protocol.common.ClientboundCustomPayloadPacket
[20:58:22] [main/DEBUG] (FabricLoader/Mixin) Renaming synthetic method lambda$wrapConfigCodec$0(Lnet/minecraft/network/FriendlyByteBuf;Lnet/minecraft/resources/Identifier;)Lnet/minecraft/network/protocol/common/custom/CustomPacketPayload$TypeAndCodec; to mdb6a30c$fabric-networking-api-v1$lambda$wrapConfigCodec$0$0 in fabric-networking-api-v1.mixins.json:ClientboundCustomPayloadPacketMixin from mod fabric-networking-api-v1
[20:58:22] [main/DEBUG] (FabricLoader/Mixin) Renaming synthetic method lambda$wrapPlayCodec$0(Lnet/minecraft/network/RegistryFriendlyByteBuf;Lnet/minecraft/resources/Identifier;)Lnet/minecraft/network/protocol/common/custom/CustomPacketPayload$TypeAndCodec; to mdb6a30c$fabric-networking-api-v1$lambda$wrapPlayCodec$0$1 in fabric-networking-api-v1.mixins.json:ClientboundCustomPayloadPacketMixin from mod fabric-networking-api-v1
[20:58:22] [main/DEBUG] (FabricLoader/Mixin) Mixing ClientboundCustomPayloadPacketAccessor from fabric-data-attachment-api-v1.mixins.json into net.minecraft.network.protocol.common.ClientboundCustomPayloadPacket
[20:58:22] [main/DEBUG] (FabricLoader/Mixin) Mixing CustomPayloadStreamCodecMixin from fabric-networking-api-v1.mixins.json into net.minecraft.network.protocol.common.custom.CustomPacketPayload$1
[20:58:22] [main/DEBUG] (FabricLoader/Mixin) Mixing FileToIdConverterAccessor from fabric-resource-conditions-api-v1.mixins.json into net.minecraft.resources.FileToIdConverter
[20:58:22] [main/DEBUG] (FabricLoader/Mixin) Mixing FileToIdConverterAccessor from fabric-loot-api-v3.mixins.json into net.minecraft.resources.FileToIdConverter
[20:58:22] [main/DEBUG] (FabricLoader/Entrypoint) No subscribers for entrypoint 'server'
[20:58:22] [main/DEBUG] (FabricLoader/Mixin) Mixing MappedRegistryTagSet2Accessor from fabric-tag-api-v1.mixins.json into net.minecraft.core.MappedRegistry$TagSet$2
[20:58:22] [main/DEBUG] (FabricLoader/Mixin) Mixing DedicatedServerPropertiesMixin from fabric-resource-loader-v1.mixins.json into net.minecraft.server.dedicated.DedicatedServerProperties
[20:58:22] [main/DEBUG] (FabricLoader/Mixin) Mixing PackMixin from fabric-resource-conditions-api-v1.mixins.json into net.minecraft.server.packs.repository.Pack
[20:58:22] [main/DEBUG] (FabricLoader/Mixin) Mixing PackMixin from fabric-resource-loader-v1.mixins.json into net.minecraft.server.packs.repository.Pack
[20:58:22] [main/DEBUG] (FabricLoader/Mixin) Renaming synthetic method lambda$static$0(Ljava/util/Set;)Z to mdb6a30c$fabric-resource-loader-v1$lambda$static$0$0 in fabric-resource-loader-v1.mixins.json:PackMixin from mod fabric-resource-loader-v1
[20:58:22] [main/DEBUG] (FabricLoader/Mixin) fabric-resource-loader-v1.mixins.json:PackMixin from mod fabric-resource-loader-v1->@Inject::onCreateResourcePack(Lorg/spongepowered/asm/mixin/injection/callback/CallbackInfoReturnable;)V does use it's CallbackInfoReturnable
[20:58:22] [main/INFO] (com.mojang.authlib.yggdrasil.YggdrasilAuthenticationService) Environment: Environment[sessionHost=https://sessionserver.mojang.com, servicesHost=https://api.minecraftservices.com, profilesHost=https://api.mojang.com, name=PROD]
[20:58:22] [Yggdrasil Key Fetcher/DEBUG] (com.mojang.authlib.minecraft.client.MinecraftClient) Connecting to https://api.minecraftservices.com/publickeys
[20:58:22] [main/DEBUG] (FabricLoader/Mixin) Mixing PackRepositoryMixin from fabric-resource-loader-v1.mixins.json into net.minecraft.server.packs.repository.PackRepository
[20:58:22] [main/DEBUG] (FabricLoader/Mixin) Renaming synthetic method lambda$handleAutoDisable$0(Ljava/util/Set;Lnet/minecraft/server/packs/repository/Pack;)Z to mdb6a30c$fabric-resource-loader-v1$lambda$handleAutoDisable$0$0 in fabric-resource-loader-v1.mixins.json:PackRepositoryMixin from mod fabric-resource-loader-v1
[20:58:22] [main/DEBUG] (FabricLoader/Mixin) fabric-resource-loader-v1.mixins.json:PackRepositoryMixin from mod fabric-resource-loader-v1->@Inject::construct([Lnet/minecraft/server/packs/repository/RepositorySource;Lorg/spongepowered/asm/mixin/injection/callback/CallbackInfo;)V doesn't use it's CallbackInfo
[20:58:22] [main/DEBUG] (FabricLoader/Mixin) fabric-resource-loader-v1.mixins.json:PackRepositoryMixin from mod fabric-resource-loader-v1->@Inject::construct([Lnet/minecraft/server/packs/repository/RepositorySource;Lorg/spongepowered/asm/mixin/injection/callback/CallbackInfo;)V has 0 override(s) in child classes
[20:58:22] [main/DEBUG] (FabricLoader/Mixin) fabric-resource-loader-v1.mixins.json:PackRepositoryMixin from mod fabric-resource-loader-v1->@Inject::construct([Lnet/minecraft/server/packs/repository/RepositorySource;Lorg/spongepowered/asm/mixin/injection/callback/CallbackInfo;)V won't be passed a CallbackInfo as a result
[20:58:22] [main/DEBUG] (FabricLoader/Mixin) fabric-resource-loader-v1.mixins.json:PackRepositoryMixin from mod fabric-resource-loader-v1->@Inject::handleAutoEnableDisable(Ljava/util/Collection;Lorg/spongepowered/asm/mixin/injection/callback/CallbackInfoReturnable;)V doesn't use it's CallbackInfoReturnable
[20:58:22] [main/DEBUG] (FabricLoader/Mixin) fabric-resource-loader-v1.mixins.json:PackRepositoryMixin from mod fabric-resource-loader-v1->@Inject::handleAutoEnableDisable(Ljava/util/Collection;Lorg/spongepowered/asm/mixin/injection/callback/CallbackInfoReturnable;)V has 0 override(s) in child classes
[20:58:22] [main/DEBUG] (FabricLoader/Mixin) fabric-resource-loader-v1.mixins.json:PackRepositoryMixin from mod fabric-resource-loader-v1->@Inject::handleAutoEnableDisable(Ljava/util/Collection;Lorg/spongepowered/asm/mixin/injection/callback/CallbackInfoReturnable;)V won't be passed a CallbackInfoReturnable as a result
[20:58:22] [main/DEBUG] (FabricLoader/Mixin) fabric-resource-loader-v1.mixins.json:PackRepositoryMixin from mod fabric-resource-loader-v1->@Inject::handleAutoEnable(Ljava/lang/String;Lorg/spongepowered/asm/mixin/injection/callback/CallbackInfoReturnable;)V doesn't use it's CallbackInfoReturnable
[20:58:22] [main/DEBUG] (FabricLoader/Mixin) fabric-resource-loader-v1.mixins.json:PackRepositoryMixin from mod fabric-resource-loader-v1->@Inject::handleAutoEnable(Ljava/lang/String;Lorg/spongepowered/asm/mixin/injection/callback/CallbackInfoReturnable;)V has 0 override(s) in child classes
[20:58:22] [main/DEBUG] (FabricLoader/Mixin) fabric-resource-loader-v1.mixins.json:PackRepositoryMixin from mod fabric-resource-loader-v1->@Inject::handleAutoEnable(Ljava/lang/String;Lorg/spongepowered/asm/mixin/injection/callback/CallbackInfoReturnable;)V won't be passed a CallbackInfoReturnable as a result
[20:58:22] [main/DEBUG] (FabricLoader/Mixin) fabric-resource-loader-v1.mixins.json:PackRepositoryMixin from mod fabric-resource-loader-v1->@Inject::handleAutoDisable(Ljava/lang/String;Lorg/spongepowered/asm/mixin/injection/callback/CallbackInfoReturnable;)V doesn't use it's CallbackInfoReturnable
[20:58:22] [main/DEBUG] (FabricLoader/Mixin) fabric-resource-loader-v1.mixins.json:PackRepositoryMixin from mod fabric-resource-loader-v1->@Inject::handleAutoDisable(Ljava/lang/String;Lorg/spongepowered/asm/mixin/injection/callback/CallbackInfoReturnable;)V has 0 override(s) in child classes
[20:58:22] [main/DEBUG] (FabricLoader/Mixin) fabric-resource-loader-v1.mixins.json:PackRepositoryMixin from mod fabric-resource-loader-v1->@Inject::handleAutoDisable(Ljava/lang/String;Lorg/spongepowered/asm/mixin/injection/callback/CallbackInfoReturnable;)V won't be passed a CallbackInfoReturnable as a result
[20:58:22] [main/DEBUG] (FabricLoader/Mixin) Mixing ReloadableServerResourcesMixin from fabric-tag-api-v1.mixins.json into net.minecraft.server.ReloadableServerResources
[20:58:22] [main/DEBUG] (FabricLoader/Mixin) Mixing ReloadableServerResourcesMixin from fabric-resource-conditions-api-v1.mixins.json into net.minecraft.server.ReloadableServerResources
[20:58:22] [main/DEBUG] (FabricLoader/Mixin) Mixing ReloadableServerResourcesMixin from fabric-resource-loader-v1.mixins.json into net.minecraft.server.ReloadableServerResources
[20:58:22] [main/DEBUG] (FabricLoader/Mixin) Mixing ReloadableServerResourcesMixin from fabric-lifecycle-events-v1.mixins.json into net.minecraft.server.ReloadableServerResources
[20:58:22] [main/DEBUG] (FabricLoader/Mixin) fabric-tag-api-v1.mixins.json:ReloadableServerResourcesMixin from mod fabric-tag-api-v1->@Inject::storeDynamicRegistries(Lnet/minecraft/core/LayeredRegistryAccess;Lnet/minecraft/core/HolderLookup$Provider;Lnet/minecraft/world/flag/FeatureFlagSet;Lnet/minecraft/commands/Commands$CommandSelection;Ljava/util/List;Lnet/minecraft/server/permissions/PermissionSet;Ljava/util/List;Lorg/spongepowered/asm/mixin/injection/callback/CallbackInfo;)V doesn't use it's CallbackInfo
[20:58:22] [main/DEBUG] (FabricLoader/Mixin) fabric-tag-api-v1.mixins.json:ReloadableServerResourcesMixin from mod fabric-tag-api-v1->@Inject::storeDynamicRegistries(Lnet/minecraft/core/LayeredRegistryAccess;Lnet/minecraft/core/HolderLookup$Provider;Lnet/minecraft/world/flag/FeatureFlagSet;Lnet/minecraft/commands/Commands$CommandSelection;Ljava/util/List;Lnet/minecraft/server/permissions/PermissionSet;Ljava/util/List;Lorg/spongepowered/asm/mixin/injection/callback/CallbackInfo;)V has 0 override(s) in child classes
[20:58:22] [main/DEBUG] (FabricLoader/Mixin) fabric-tag-api-v1.mixins.json:ReloadableServerResourcesMixin from mod fabric-tag-api-v1->@Inject::storeDynamicRegistries(Lnet/minecraft/core/LayeredRegistryAccess;Lnet/minecraft/core/HolderLookup$Provider;Lnet/minecraft/world/flag/FeatureFlagSet;Lnet/minecraft/commands/Commands$CommandSelection;Ljava/util/List;Lnet/minecraft/server/permissions/PermissionSet;Ljava/util/List;Lorg/spongepowered/asm/mixin/injection/callback/CallbackInfo;)V won't be passed a CallbackInfo as a result
[20:58:22] [main/DEBUG] (FabricLoader/Mixin) fabric-tag-api-v1.mixins.json:ReloadableServerResourcesMixin from mod fabric-tag-api-v1->@Inject::applyDynamicTagAliases(Lorg/spongepowered/asm/mixin/injection/callback/CallbackInfo;)V doesn't use it's CallbackInfo
[20:58:22] [main/DEBUG] (FabricLoader/Mixin) fabric-tag-api-v1.mixins.json:ReloadableServerResourcesMixin from mod fabric-tag-api-v1->@Inject::applyDynamicTagAliases(Lorg/spongepowered/asm/mixin/injection/callback/CallbackInfo;)V has 0 override(s) in child classes
[20:58:22] [main/DEBUG] (FabricLoader/Mixin) fabric-tag-api-v1.mixins.json:ReloadableServerResourcesMixin from mod fabric-tag-api-v1->@Inject::applyDynamicTagAliases(Lorg/spongepowered/asm/mixin/injection/callback/CallbackInfo;)V won't be passed a CallbackInfo as a result
[20:58:22] [main/DEBUG] (FabricLoader/Mixin) fabric-resource-conditions-api-v1.mixins.json:ReloadableServerResourcesMixin from mod fabric-resource-conditions-api-v1->@Inject::hookReload(Lnet/minecraft/server/packs/resources/ResourceManager;Lnet/minecraft/core/LayeredRegistryAccess;Ljava/util/List;Lnet/minecraft/world/flag/FeatureFlagSet;Lnet/minecraft/commands/Commands$CommandSelection;Lnet/minecraft/server/permissions/PermissionSet;Ljava/util/concurrent/Executor;Ljava/util/concurrent/Executor;Lorg/spongepowered/asm/mixin/injection/callback/CallbackInfoReturnable;)V doesn't use it's CallbackInfoReturnable
[20:58:22] [main/DEBUG] (FabricLoader/Mixin) fabric-lifecycle-events-v1.mixins.json:ReloadableServerResourcesMixin from mod fabric-lifecycle-events-v1->@Inject::init(Lnet/minecraft/core/LayeredRegistryAccess;Lnet/minecraft/core/HolderLookup$Provider;Lnet/minecraft/world/flag/FeatureFlagSet;Lnet/minecraft/commands/Commands$CommandSelection;Ljava/util/List;Lnet/minecraft/server/permissions/PermissionSet;Ljava/util/List;Lorg/spongepowered/asm/mixin/injection/callback/CallbackInfo;)V doesn't use it's CallbackInfo
[20:58:22] [main/DEBUG] (FabricLoader/Mixin) fabric-lifecycle-events-v1.mixins.json:ReloadableServerResourcesMixin from mod fabric-lifecycle-events-v1->@Inject::init(Lnet/minecraft/core/LayeredRegistryAccess;Lnet/minecraft/core/HolderLookup$Provider;Lnet/minecraft/world/flag/FeatureFlagSet;Lnet/minecraft/commands/Commands$CommandSelection;Ljava/util/List;Lnet/minecraft/server/permissions/PermissionSet;Ljava/util/List;Lorg/spongepowered/asm/mixin/injection/callback/CallbackInfo;)V has 0 override(s) in child classes
[20:58:22] [main/DEBUG] (FabricLoader/Mixin) fabric-lifecycle-events-v1.mixins.json:ReloadableServerResourcesMixin from mod fabric-lifecycle-events-v1->@Inject::init(Lnet/minecraft/core/LayeredRegistryAccess;Lnet/minecraft/core/HolderLookup$Provider;Lnet/minecraft/world/flag/FeatureFlagSet;Lnet/minecraft/commands/Commands$CommandSelection;Ljava/util/List;Lnet/minecraft/server/permissions/PermissionSet;Ljava/util/List;Lorg/spongepowered/asm/mixin/injection/callback/CallbackInfo;)V won't be passed a CallbackInfo as a result
[20:58:22] [main/DEBUG] (FabricLoader/Mixin) fabric-lifecycle-events-v1.mixins.json:ReloadableServerResourcesMixin from mod fabric-lifecycle-events-v1->@Inject::hookRefresh(Lorg/spongepowered/asm/mixin/injection/callback/CallbackInfo;)V doesn't use it's CallbackInfo
[20:58:22] [main/DEBUG] (FabricLoader/Mixin) fabric-lifecycle-events-v1.mixins.json:ReloadableServerResourcesMixin from mod fabric-lifecycle-events-v1->@Inject::hookRefresh(Lorg/spongepowered/asm/mixin/injection/callback/CallbackInfo;)V has 0 override(s) in child classes
[20:58:22] [main/DEBUG] (FabricLoader/Mixin) fabric-lifecycle-events-v1.mixins.json:ReloadableServerResourcesMixin from mod fabric-lifecycle-events-v1->@Inject::hookRefresh(Lorg/spongepowered/asm/mixin/injection/callback/CallbackInfo;)V won't be passed a CallbackInfo as a result
[20:58:22] [main/DEBUG] (FabricLoader/Mixin) Mixing WorldLoaderMixin from fabric-registry-sync-v0.mixins.json into net.minecraft.server.WorldLoader
[20:58:22] [main/DEBUG] (FabricLoader/Mixin) Mixing ServerPlayerGameModeMixin from fabric-events-interaction-v0.mixins.json into net.minecraft.server.level.ServerPlayerGameMode
[20:58:22] [main/DEBUG] (FabricLoader/Mixin) fabric-events-interaction-v0.mixins.json:ServerPlayerGameModeMixin from mod fabric-events-interaction-v0->@Inject::startBlockBreak(Lnet/minecraft/core/BlockPos;Lnet/minecraft/network/protocol/game/ServerboundPlayerActionPacket$Action;Lnet/minecraft/core/Direction;IILorg/spongepowered/asm/mixin/injection/callback/CallbackInfo;)V does use it's CallbackInfo
[20:58:22] [main/DEBUG] (FabricLoader/Mixin) fabric-events-interaction-v0.mixins.json:ServerPlayerGameModeMixin from mod fabric-events-interaction-v0->@Inject::interactBlock(Lnet/minecraft/server/level/ServerPlayer;Lnet/minecraft/world/level/Level;Lnet/minecraft/world/item/ItemStack;Lnet/minecraft/world/InteractionHand;Lnet/minecraft/world/phys/BlockHitResult;Lorg/spongepowered/asm/mixin/injection/callback/CallbackInfoReturnable;)V does use it's CallbackInfoReturnable
[20:58:22] [main/DEBUG] (FabricLoader/Mixin) fabric-events-interaction-v0.mixins.json:ServerPlayerGameModeMixin from mod fabric-events-interaction-v0->@Inject::interactItem(Lnet/minecraft/server/level/ServerPlayer;Lnet/minecraft/world/level/Level;Lnet/minecraft/world/item/ItemStack;Lnet/minecraft/world/InteractionHand;Lorg/spongepowered/asm/mixin/injection/callback/CallbackInfoReturnable;)V does use it's CallbackInfoReturnable
[20:58:22] [main/DEBUG] (FabricLoader/Mixin) fabric-events-interaction-v0.mixins.json:ServerPlayerGameModeMixin from mod fabric-events-interaction-v0->@Inject::breakBlock(Lnet/minecraft/core/BlockPos;Lorg/spongepowered/asm/mixin/injection/callback/CallbackInfoReturnable;)V does use it's CallbackInfoReturnable
[20:58:22] [main/DEBUG] (FabricLoader/Mixin) fabric-events-interaction-v0.mixins.json:ServerPlayerGameModeMixin from mod fabric-events-interaction-v0->@Inject::onBlockBroken(Lnet/minecraft/core/BlockPos;Lorg/spongepowered/asm/mixin/injection/callback/CallbackInfoReturnable;)V doesn't use it's CallbackInfoReturnable
[20:58:22] [main/DEBUG] (FabricLoader/Mixin) fabric-events-interaction-v0.mixins.json:ServerPlayerGameModeMixin from mod fabric-events-interaction-v0->@Inject::onBlockBroken(Lnet/minecraft/core/BlockPos;Lorg/spongepowered/asm/mixin/injection/callback/CallbackInfoReturnable;)V has 0 override(s) in child classes
[20:58:22] [main/DEBUG] (FabricLoader/Mixin) fabric-events-interaction-v0.mixins.json:ServerPlayerGameModeMixin from mod fabric-events-interaction-v0->@Inject::onBlockBroken(Lnet/minecraft/core/BlockPos;Lorg/spongepowered/asm/mixin/injection/callback/CallbackInfoReturnable;)V won't be passed a CallbackInfoReturnable as a result
[20:58:22] [main/DEBUG] (net.fabricmc.fabric.impl.resource.pack.ModPackResourcesUtil) [Fabric] Starting internal pack sorting with: [fabric-convention-tags-v2, fabric-gametest-api-v1]
[20:58:22] [main/DEBUG] (net.fabricmc.fabric.impl.resource.pack.ModPackResourcesUtil) [Fabric] Removed all internal packs, result: []
[20:58:22] [main/DEBUG] (net.fabricmc.fabric.impl.resource.pack.ModPackResourcesUtil) [Fabric] Final sorting result: []
[20:58:22] [main/DEBUG] (net.fabricmc.fabric.impl.resource.pack.ModPackResourcesUtil) [Fabric] Starting internal pack sorting with: [vanilla, fabric-convention-tags-v2, fabric-gametest-api-v1]
[20:58:22] [main/DEBUG] (net.fabricmc.fabric.impl.resource.pack.ModPackResourcesUtil) [Fabric] Removed all internal packs, result: [vanilla]
[20:58:22] [main/DEBUG] (net.fabricmc.fabric.impl.resource.pack.ModPackResourcesUtil) [Fabric] cur @ vanilla, auto-enabled fabric-convention-tags-v2, currently enabled: [vanilla, fabric-convention-tags-v2]
[20:58:22] [main/DEBUG] (net.fabricmc.fabric.impl.resource.pack.ModPackResourcesUtil) [Fabric] cur @ vanilla, auto-enabled fabric-gametest-api-v1, currently enabled: [vanilla, fabric-convention-tags-v2, fabric-gametest-api-v1]
[20:58:22] [main/DEBUG] (net.fabricmc.fabric.impl.resource.pack.ModPackResourcesUtil) [Fabric] Final sorting result: [vanilla, fabric-convention-tags-v2, fabric-gametest-api-v1]
[20:58:22] [main/DEBUG] (FabricLoader/Mixin) Mixing MultiPackResourceManagerMixin from fabric-resource-loader-v1.mixins.json into net.minecraft.server.packs.resources.MultiPackResourceManager
[20:58:22] [main/DEBUG] (FabricLoader/Mixin) fabric-resource-loader-v1.mixins.json:MultiPackResourceManagerMixin from mod fabric-resource-loader-v1->@Inject::init(Lnet/minecraft/server/packs/PackType;Ljava/util/List;Lorg/spongepowered/asm/mixin/injection/callback/CallbackInfo;)V doesn't use it's CallbackInfo
[20:58:22] [main/DEBUG] (FabricLoader/Mixin) fabric-resource-loader-v1.mixins.json:MultiPackResourceManagerMixin from mod fabric-resource-loader-v1->@Inject::init(Lnet/minecraft/server/packs/PackType;Ljava/util/List;Lorg/spongepowered/asm/mixin/injection/callback/CallbackInfo;)V has 0 override(s) in child classes
[20:58:22] [main/DEBUG] (FabricLoader/Mixin) fabric-resource-loader-v1.mixins.json:MultiPackResourceManagerMixin from mod fabric-resource-loader-v1->@Inject::init(Lnet/minecraft/server/packs/PackType;Ljava/util/List;Lorg/spongepowered/asm/mixin/injection/callback/CallbackInfo;)V won't be passed a CallbackInfo as a result
[20:58:22] [Worker-Main-1/DEBUG] (FabricLoader/Mixin) Mixing modification.RegistryAccessImmutableRegistryAccessMixin from fabric-biome-api-v1.mixins.json into net.minecraft.core.RegistryAccess$ImmutableRegistryAccess
[20:58:22] [Worker-Main-1/DEBUG] (FabricLoader/Mixin) Mixing RegistryAccessImmutableRegistryAccessMixin from fabric-dimensions-v1.mixins.json into net.minecraft.core.RegistryAccess$ImmutableRegistryAccess
[20:58:22] [Worker-Main-1/DEBUG] (FabricLoader/Mixin) Mixing TagLoaderMixin from fabric-tag-api-v1.mixins.json into net.minecraft.tags.TagLoader
[20:58:22] [Worker-Main-1/DEBUG] (FabricLoader/Mixin) Renaming synthetic method lambda$scopeIdToTryBuildTag$0(Lcom/llamalad7/mixinextras/injector/wrapoperation/Operation;Lnet/minecraft/tags/TagLoader;Lnet/minecraft/tags/TagEntry$Lookup;Ljava/util/List;)Lcom/mojang/datafixers/util/Either; to mdb6a30c$fabric-tag-api-v1$lambda$scopeIdToTryBuildTag$0$0 in fabric-tag-api-v1.mixins.json:TagLoaderMixin from mod fabric-tag-api-v1
[20:58:22] [Worker-Main-1/DEBUG] (FabricLoader/Mixin) fabric-tag-api-v1.mixins.json:TagLoaderMixin from mod fabric-tag-api-v1->@Inject::removeTagRemovalReferenceOnReplace(Lnet/minecraft/server/packs/resources/ResourceManager;Lorg/spongepowered/asm/mixin/injection/callback/CallbackInfoReturnable;)V doesn't use it's CallbackInfoReturnable
[20:58:22] [Worker-Main-1/DEBUG] (FabricLoader/Mixin) fabric-tag-api-v1.mixins.json:TagLoaderMixin from mod fabric-tag-api-v1->@Inject::removeTagRemovalReferenceOnReplace(Lnet/minecraft/server/packs/resources/ResourceManager;Lorg/spongepowered/asm/mixin/injection/callback/CallbackInfoReturnable;)V has 0 override(s) in child classes
[20:58:22] [Worker-Main-1/DEBUG] (FabricLoader/Mixin) fabric-tag-api-v1.mixins.json:TagLoaderMixin from mod fabric-tag-api-v1->@Inject::removeTagRemovalReferenceOnReplace(Lnet/minecraft/server/packs/resources/ResourceManager;Lorg/spongepowered/asm/mixin/injection/callback/CallbackInfoReturnable;)V won't be passed a CallbackInfoReturnable as a result
[20:58:22] [Worker-Main-1/DEBUG] (FabricLoader/Mixin) fabric-tag-api-v1.mixins.json:TagLoaderMixin from mod fabric-tag-api-v1->@Inject::loadRemoveEntries(Lnet/minecraft/server/packs/resources/ResourceManager;Lorg/spongepowered/asm/mixin/injection/callback/CallbackInfoReturnable;)V doesn't use it's CallbackInfoReturnable
[20:58:22] [Worker-Main-1/DEBUG] (FabricLoader/Mixin) fabric-tag-api-v1.mixins.json:TagLoaderMixin from mod fabric-tag-api-v1->@Inject::loadRemoveEntries(Lnet/minecraft/server/packs/resources/ResourceManager;Lorg/spongepowered/asm/mixin/injection/callback/CallbackInfoReturnable;)V has 0 override(s) in child classes
[20:58:22] [Worker-Main-1/DEBUG] (FabricLoader/Mixin) fabric-tag-api-v1.mixins.json:TagLoaderMixin from mod fabric-tag-api-v1->@Inject::loadRemoveEntries(Lnet/minecraft/server/packs/resources/ResourceManager;Lorg/spongepowered/asm/mixin/injection/callback/CallbackInfoReturnable;)V won't be passed a CallbackInfoReturnable as a result
[20:58:22] [Worker-Main-1/DEBUG] (FabricLoader/Mixin) fabric-tag-api-v1.mixins.json:TagLoaderMixin from mod fabric-tag-api-v1->@Inject::removeTagRemovalReferencesWhenFinished(Ljava/util/Map;Lorg/spongepowered/asm/mixin/injection/callback/CallbackInfoReturnable;)V doesn't use it's CallbackInfoReturnable
[20:58:22] [Worker-Main-1/DEBUG] (FabricLoader/Mixin) fabric-tag-api-v1.mixins.json:TagLoaderMixin from mod fabric-tag-api-v1->@Inject::removeTagRemovalReferencesWhenFinished(Ljava/util/Map;Lorg/spongepowered/asm/mixin/injection/callback/CallbackInfoReturnable;)V has 0 override(s) in child classes
[20:58:22] [Worker-Main-1/DEBUG] (FabricLoader/Mixin) fabric-tag-api-v1.mixins.json:TagLoaderMixin from mod fabric-tag-api-v1->@Inject::removeTagRemovalReferencesWhenFinished(Ljava/util/Map;Lorg/spongepowered/asm/mixin/injection/callback/CallbackInfoReturnable;)V won't be passed a CallbackInfoReturnable as a result
[20:58:22] [Worker-Main-1/DEBUG] (FabricLoader/Mixin) Mixing ResourceMixin from fabric-resource-loader-v1.mixins.json into net.minecraft.server.packs.resources.Resource
[20:58:22] [Worker-Main-1/DEBUG] (FabricLoader/Mixin) Mixing TagFileMixin from fabric-tag-api-v1.mixins.json into net.minecraft.tags.TagFile
[20:58:22] [Worker-Main-1/DEBUG] (FabricLoader/Mixin) Mixing TagEntryAccessor from fabric-tag-api-v1.mixins.json into net.minecraft.tags.TagEntry
[20:58:23] [Worker-Main-1/DEBUG] (FabricLoader/Mixin) Mixing MappedRegistry2Mixin from fabric-tag-api-v1.mixins.json into net.minecraft.core.MappedRegistry$2
[20:58:23] [Worker-Main-1/DEBUG] (FabricLoader/Mixin) Mixing MappedRegistry3Mixin from fabric-tag-api-v1.mixins.json into net.minecraft.core.MappedRegistry$3
[20:58:23] [Worker-Main-1/DEBUG] (FabricLoader/Mixin) fabric-tag-api-v1.mixins.json:MappedRegistry3Mixin from mod fabric-tag-api-v1->@Inject::applyTagAliases(Lorg/spongepowered/asm/mixin/injection/callback/CallbackInfo;)V doesn't use it's CallbackInfo
[20:58:23] [Worker-Main-1/DEBUG] (FabricLoader/Mixin) fabric-tag-api-v1.mixins.json:MappedRegistry3Mixin from mod fabric-tag-api-v1->@Inject::applyTagAliases(Lorg/spongepowered/asm/mixin/injection/callback/CallbackInfo;)V has 0 override(s) in child classes
[20:58:23] [Worker-Main-1/DEBUG] (FabricLoader/Mixin) fabric-tag-api-v1.mixins.json:MappedRegistry3Mixin from mod fabric-tag-api-v1->@Inject::applyTagAliases(Lorg/spongepowered/asm/mixin/injection/callback/CallbackInfo;)V won't be passed a CallbackInfo as a result
[20:58:23] [Worker-Main-1/DEBUG] (FabricLoader/Mixin) Mixing RegistryDataLoaderMixin from fabric-registry-sync-v0.mixins.json into net.minecraft.resources.RegistryDataLoader
[20:58:23] [Worker-Main-1/DEBUG] (FabricLoader/Mixin) Renaming synthetic method lambda$thenApplyAsync$0(ZLjava/util/function/Function;Ljava/lang/Void;)Lnet/minecraft/core/RegistryAccess$Frozen; to mdb6a30c$fabric-registry-sync-v0$lambda$thenApplyAsync$0$0 in fabric-registry-sync-v0.mixins.json:RegistryDataLoaderMixin from mod fabric-registry-sync-v0
[20:58:23] [Worker-Main-1/DEBUG] (FabricLoader/Mixin) Renaming synthetic method lambda$thenApplyAsync$1(Ljava/util/function/Function;Ljava/lang/Void;)Lnet/minecraft/core/RegistryAccess$Frozen; to mdb6a30c$fabric-registry-sync-v0$lambda$thenApplyAsync$1$1 in fabric-registry-sync-v0.mixins.json:RegistryDataLoaderMixin from mod fabric-registry-sync-v0
[20:58:23] [Worker-Main-1/DEBUG] (FabricLoader/Mixin) Renaming synthetic method lambda$supplyAsync$0(ZLjava/util/function/Supplier;)Ljava/util/concurrent/CompletableFuture; to mdb6a30c$fabric-registry-sync-v0$lambda$supplyAsync$0$2 in fabric-registry-sync-v0.mixins.json:RegistryDataLoaderMixin from mod fabric-registry-sync-v0
[20:58:23] [Worker-Main-1/DEBUG] (FabricLoader/Mixin) Renaming synthetic method lambda$wrapIsServerCall$0(Lcom/llamalad7/mixinextras/injector/wrapoperation/Operation;Ljava/lang/Object;Ljava/util/List;Ljava/util/List;Ljava/util/concurrent/Executor;)Ljava/util/concurrent/CompletableFuture; to mdb6a30c$fabric-registry-sync-v0$lambda$wrapIsServerCall$0$3 in fabric-registry-sync-v0.mixins.json:RegistryDataLoaderMixin from mod fabric-registry-sync-v0
[20:58:23] [Worker-Main-1/DEBUG] (FabricLoader/Mixin) Mixing RegistryDataLoaderMixin from fabric-gametest-api-v1.mixins.json into net.minecraft.resources.RegistryDataLoader
[20:58:23] [Worker-Main-1/DEBUG] (FabricLoader/Mixin) Renaming synthetic method lambda$loadFromResources$0(Lnet/minecraft/resources/RegistryDataLoader$RegistryData;)Z to mdb6a30c$fabric-gametest-api-v1$lambda$loadFromResources$0$4 in fabric-gametest-api-v1.mixins.json:RegistryDataLoaderMixin from mod fabric-gametest-api-v1
[20:58:23] [Worker-Main-1/DEBUG] (FabricLoader/Mixin) fabric-gametest-api-v1.mixins.json:RegistryDataLoaderMixin from mod fabric-gametest-api-v1->@Inject::loadFromResources(Lnet/minecraft/server/packs/resources/ResourceManager;Ljava/util/List;Ljava/util/List;Ljava/util/concurrent/Executor;Lorg/spongepowered/asm/mixin/injection/callback/CallbackInfoReturnable;)V doesn't use it's CallbackInfoReturnable
[20:58:23] [Worker-Main-1/DEBUG] (FabricLoader/Mixin) fabric-gametest-api-v1.mixins.json:RegistryDataLoaderMixin from mod fabric-gametest-api-v1->@Inject::beforeFreeze(Ljava/util/List;Ljava/util/Map;Ljava/lang/Void;Lorg/spongepowered/asm/mixin/injection/callback/CallbackInfoReturnable;)V doesn't use it's CallbackInfoReturnable
[20:58:23] [Worker-Main-1/DEBUG] (FabricLoader/Mixin) Mixing ResourceManagerRegistryLoadTaskMixin from fabric-resource-conditions-api-v1.mixins.json into net.minecraft.resources.ResourceManagerRegistryLoadTask
[20:58:23] [Worker-Main-1/DEBUG] (FabricLoader/Mixin) Mixing ResourceManagerRegistryLoadTaskMixin from fabric-item-api-v1.mixins.json into net.minecraft.resources.ResourceManagerRegistryLoadTask
[20:58:23] [Worker-Main-1/DEBUG] (FabricLoader/Mixin) Mixing RegistryLoadTaskPendingRegistrationMixin from fabric-resource-conditions-api-v1.mixins.json into net.minecraft.resources.RegistryLoadTask$PendingRegistration
[20:58:23] [Worker-Main-1/DEBUG] (FabricLoader/Mixin) fabric-resource-conditions-api-v1.mixins.json:RegistryLoadTaskPendingRegistrationMixin from mod fabric-resource-conditions-api-v1->@Inject::loadFromResource(Lcom/mojang/serialization/Decoder;Lnet/minecraft/resources/RegistryOps;Lnet/minecraft/resources/ResourceKey;Lnet/minecraft/server/packs/resources/Resource;Lorg/spongepowered/asm/mixin/injection/callback/CallbackInfoReturnable;)V does use it's CallbackInfoReturnable
[20:58:23] [Worker-Main-5/DEBUG] (FabricLoader/Mixin) Mixing EnchantmentBuilderAccessor from fabric-item-api-v1.mixins.json into net.minecraft.world.item.enchantment.Enchantment$Builder
[20:58:23] [Worker-Main-5/DEBUG] (FabricLoader/Mixin) Mixing EnchantmentBuilderMixin from fabric-item-api-v1.mixins.json into net.minecraft.world.item.enchantment.Enchantment$Builder
[20:58:23] [Worker-Main-5/DEBUG] (FabricLoader/Mixin) fabric-item-api-v1.mixins.json:EnchantmentBuilderMixin from mod fabric-item-api-v1->@Inject::markModified(Lorg/spongepowered/asm/mixin/injection/callback/CallbackInfoReturnable;)V does use it's CallbackInfo
[20:58:23] [Worker-Main-5/DEBUG] (FabricLoader/Mixin) fabric-item-api-v1.mixins.json:EnchantmentBuilderMixin from mod fabric-item-api-v1->@Inject::markModified(Lorg/spongepowered/asm/mixin/injection/callback/CallbackInfoReturnable;)V does use it's CallbackInfoReturnable
[20:58:23] [Worker-Main-5/DEBUG] (FabricLoader/Mixin) fabric-item-api-v1.mixins.json:EnchantmentBuilderMixin from mod fabric-item-api-v1->@Inject::markModified(Lorg/spongepowered/asm/mixin/injection/callback/CallbackInfoReturnable;)V does use it's CallbackInfoReturnable
[20:58:23] [Worker-Main-5/DEBUG] (FabricLoader/Mixin) fabric-item-api-v1.mixins.json:EnchantmentBuilderMixin from mod fabric-item-api-v1->@Inject::markModified(Lorg/spongepowered/asm/mixin/injection/callback/CallbackInfoReturnable;)V does use it's CallbackInfoReturnable
[20:58:23] [Worker-Main-5/DEBUG] (FabricLoader/Mixin) fabric-item-api-v1.mixins.json:EnchantmentBuilderMixin from mod fabric-item-api-v1->@Inject::markModified(Lorg/spongepowered/asm/mixin/injection/callback/CallbackInfoReturnable;)V does use it's CallbackInfoReturnable
[20:58:23] [Worker-Main-5/DEBUG] (FabricLoader/Mixin) fabric-item-api-v1.mixins.json:EnchantmentBuilderMixin from mod fabric-item-api-v1->@Inject::markModified(Lorg/spongepowered/asm/mixin/injection/callback/CallbackInfoReturnable;)V does use it's CallbackInfoReturnable
[20:58:23] [Worker-Main-5/DEBUG] (FabricLoader/Mixin) fabric-item-api-v1.mixins.json:EnchantmentBuilderMixin from mod fabric-item-api-v1->@Inject::markModified(Lorg/spongepowered/asm/mixin/injection/callback/CallbackInfoReturnable;)V does use it's CallbackInfoReturnable
[20:58:23] [Worker-Main-5/DEBUG] (FabricLoader/Mixin) fabric-item-api-v1.mixins.json:EnchantmentBuilderMixin from mod fabric-item-api-v1->@Inject::markModified(Lorg/spongepowered/asm/mixin/injection/callback/CallbackInfoReturnable;)V does use it's CallbackInfoReturnable
[20:58:23] [Worker-Main-5/DEBUG] (FabricLoader/Mixin) fabric-item-api-v1.mixins.json:EnchantmentBuilderMixin from mod fabric-item-api-v1->@Inject::markModified(Lorg/spongepowered/asm/mixin/injection/callback/CallbackInfoReturnable;)V does use it's CallbackInfoReturnable
[20:58:23] [Worker-Main-5/DEBUG] (FabricLoader/Mixin) fabric-item-api-v1.mixins.json:EnchantmentBuilderMixin from mod fabric-item-api-v1->@Inject::markModified(Lorg/spongepowered/asm/mixin/injection/callback/CallbackInfoReturnable;)V does use it's CallbackInfoReturnable
[20:58:23] [Worker-Main-5/DEBUG] (FabricLoader/Mixin) fabric-item-api-v1.mixins.json:EnchantmentBuilderMixin from mod fabric-item-api-v1->@Inject::markModified(Lorg/spongepowered/asm/mixin/injection/callback/CallbackInfoReturnable;)V does use it's CallbackInfoReturnable
[20:58:23] [Worker-Main-5/DEBUG] (FabricLoader/Mixin) fabric-item-api-v1.mixins.json:EnchantmentBuilderMixin from mod fabric-item-api-v1->@Inject::markModified(Lorg/spongepowered/asm/mixin/injection/callback/CallbackInfoReturnable;)V does use it's CallbackInfoReturnable
[20:58:23] [Worker-Main-2/DEBUG] (FabricLoader/Mixin) Mixing WorldDimensionsMixin from fabric-dimensions-v1.mixins.json into net.minecraft.world.level.levelgen.WorldDimensions
[20:58:23] [Worker-Main-2/DEBUG] (FabricLoader/Mixin) Mixing ReloadableServerRegistriesMixin from fabric-loot-api-v3.mixins.json into net.minecraft.server.ReloadableServerRegistries
[20:58:23] [Worker-Main-2/DEBUG] (FabricLoader/Mixin) Renaming synthetic method lambda$onLootTablesLoaded$0(Lnet/minecraft/core/Holder$Reference;)V to mdb6a30c$fabric-loot-api-v3$lambda$onLootTablesLoaded$0$0 in fabric-loot-api-v3.mixins.json:ReloadableServerRegistriesMixin from mod fabric-loot-api-v3
[20:58:23] [Worker-Main-2/DEBUG] (FabricLoader/Mixin) Renaming synthetic method lambda$modifyLootTable$0(Lnet/minecraft/resources/RegistryOps;Lnet/minecraft/resources/Identifier;Lnet/minecraft/world/level/storage/loot/Validatable;)Lnet/minecraft/world/level/storage/loot/Validatable; to mdb6a30c$fabric-loot-api-v3$lambda$modifyLootTable$0$1 in fabric-loot-api-v3.mixins.json:ReloadableServerRegistriesMixin from mod fabric-loot-api-v3
[20:58:23] [Worker-Main-2/DEBUG] (FabricLoader/Mixin) Renaming synthetic method lambda$removeOps$0(Lnet/minecraft/resources/RegistryOps;Ljava/util/List;)Ljava/util/List; to mdb6a30c$fabric-loot-api-v3$lambda$removeOps$0$2 in fabric-loot-api-v3.mixins.json:ReloadableServerRegistriesMixin from mod fabric-loot-api-v3
[20:58:23] [Worker-Main-2/DEBUG] (FabricLoader/Mixin) fabric-loot-api-v3.mixins.json:ReloadableServerRegistriesMixin from mod fabric-loot-api-v3->@Inject::modifyLootTable(Lnet/minecraft/world/level/storage/loot/LootDataType;Lnet/minecraft/server/packs/resources/ResourceManager;Lnet/minecraft/resources/RegistryOps;Lorg/spongepowered/asm/mixin/injection/callback/CallbackInfoReturnable;)V doesn't use it's CallbackInfoReturnable
[20:58:23] [Worker-Main-2/DEBUG] (FabricLoader/Mixin) fabric-loot-api-v3.mixins.json:ReloadableServerRegistriesMixin from mod fabric-loot-api-v3->@Inject::onLootTablesLoaded(Lnet/minecraft/world/level/storage/loot/LootDataType;Lnet/minecraft/server/packs/resources/ResourceManager;Lnet/minecraft/resources/RegistryOps;Lorg/spongepowered/asm/mixin/injection/callback/CallbackInfoReturnable;)V does use it's CallbackInfoReturnable
[20:58:23] [Worker-Main-8/DEBUG] (FabricLoader/Mixin) Mixing SimpleJsonResourceReloadListenerMixin from fabric-resource-conditions-api-v1.mixins.json into net.minecraft.server.packs.resources.SimpleJsonResourceReloadListener
[20:58:23] [Worker-Main-8/DEBUG] (FabricLoader/Mixin) Mixing SimpleJsonResourceReloadListenerMixin from fabric-loot-api-v3.mixins.json into net.minecraft.server.packs.resources.SimpleJsonResourceReloadListener
[20:58:23] [Worker-Main-8/DEBUG] (FabricLoader/Mixin) fabric-resource-conditions-api-v1.mixins.json:SimpleJsonResourceReloadListenerMixin from mod fabric-resource-conditions-api-v1->@Inject::skipData(Ljava/util/Map;Lnet/minecraft/resources/Identifier;Ljava/lang/Object;Lorg/spongepowered/asm/mixin/injection/callback/CallbackInfo;)V does use it's CallbackInfo
[20:58:23] [Worker-Main-8/DEBUG] (FabricLoader/Mixin) fabric-loot-api-v3.mixins.json:SimpleJsonResourceReloadListenerMixin from mod fabric-loot-api-v3->@Inject::fillSourceMap(Lnet/minecraft/server/packs/resources/ResourceManager;Lnet/minecraft/resources/FileToIdConverter;Lcom/mojang/serialization/DynamicOps;Lcom/mojang/serialization/Codec;Ljava/util/Map;Lorg/spongepowered/asm/mixin/injection/callback/CallbackInfo;)V doesn't use it's CallbackInfo
[20:58:23] [Worker-Main-11/DEBUG] (FabricLoader/Mixin) Mixing LootPoolAccessor from fabric-loot-api-v3.mixins.json into net.minecraft.world.level.storage.loot.LootPool
[20:58:23] [Worker-Main-11/DEBUG] (FabricLoader/Mixin) Mixing LootTableBuilderMixin from fabric-loot-api-v3.mixins.json into net.minecraft.world.level.storage.loot.LootTable$Builder
[20:58:23] [Worker-Main-5/DEBUG] (FabricLoader/Mixin) Mixing DataComponentInitializersPendingComponentsMixin from fabric-item-api-v1.mixins.json into net.minecraft.core.component.DataComponentInitializers$1
[20:58:23] [Worker-Main-5/DEBUG] (FabricLoader/Mixin) fabric-item-api-v1.mixins.json:DataComponentInitializersPendingComponentsMixin from mod fabric-item-api-v1->@Inject::store(Lnet/minecraft/resources/ResourceKey;Ljava/util/List;Lorg/spongepowered/asm/mixin/injection/callback/CallbackInfo;)V doesn't use it's CallbackInfo
[20:58:23] [Worker-Main-5/DEBUG] (FabricLoader/Mixin) fabric-item-api-v1.mixins.json:DataComponentInitializersPendingComponentsMixin from mod fabric-item-api-v1->@Inject::store(Lnet/minecraft/resources/ResourceKey;Ljava/util/List;Lorg/spongepowered/asm/mixin/injection/callback/CallbackInfo;)V has 0 override(s) in child classes
[20:58:23] [Worker-Main-5/DEBUG] (FabricLoader/Mixin) fabric-item-api-v1.mixins.json:DataComponentInitializersPendingComponentsMixin from mod fabric-item-api-v1->@Inject::store(Lnet/minecraft/resources/ResourceKey;Ljava/util/List;Lorg/spongepowered/asm/mixin/injection/callback/CallbackInfo;)V won't be passed a CallbackInfo as a result
[20:58:23] [Worker-Main-5/DEBUG] (FabricLoader/Mixin) fabric-item-api-v1.mixins.json:DataComponentInitializersPendingComponentsMixin from mod fabric-item-api-v1->@Inject::apply(Lorg/spongepowered/asm/mixin/injection/callback/CallbackInfo;)V doesn't use it's CallbackInfo
[20:58:23] [Worker-Main-5/DEBUG] (FabricLoader/Mixin) fabric-item-api-v1.mixins.json:DataComponentInitializersPendingComponentsMixin from mod fabric-item-api-v1->@Inject::apply(Lorg/spongepowered/asm/mixin/injection/callback/CallbackInfo;)V has 0 override(s) in child classes
[20:58:23] [Worker-Main-5/DEBUG] (FabricLoader/Mixin) fabric-item-api-v1.mixins.json:DataComponentInitializersPendingComponentsMixin from mod fabric-item-api-v1->@Inject::apply(Lorg/spongepowered/asm/mixin/injection/callback/CallbackInfo;)V won't be passed a CallbackInfo as a result
[20:58:23] [Worker-Main-5/DEBUG] (FabricLoader/Mixin) Mixing RecipeManagerMixin from fabric-recipe-api-v1.mixins.json into net.minecraft.world.item.crafting.RecipeManager
[20:58:23] [Worker-Main-5/DEBUG] (FabricLoader/Mixin) Mixing sync.RecipeManagerAccessor from fabric-recipe-api-v1.mixins.json into net.minecraft.world.item.crafting.RecipeManager
[20:58:23] [Worker-Main-5/DEBUG] (FabricLoader/Mixin) Mixing KeyedResourceReloaderMixin from fabric-resource-loader-v1.mixins.json into net.minecraft.world.item.crafting.RecipeManager
[20:58:23] [Worker-Main-5/DEBUG] (FabricLoader/Mixin) fabric-recipe-api-v1.mixins.json:RecipeManagerMixin from mod fabric-recipe-api-v1->@Inject::updateSynchronizedRecipes(Lnet/minecraft/world/item/crafting/RecipeMap;Lnet/minecraft/server/packs/resources/ResourceManager;Lnet/minecraft/util/profiling/ProfilerFiller;Lorg/spongepowered/asm/mixin/injection/callback/CallbackInfo;)V doesn't use it's CallbackInfo
[20:58:23] [Worker-Main-5/DEBUG] (FabricLoader/Mixin) fabric-recipe-api-v1.mixins.json:RecipeManagerMixin from mod fabric-recipe-api-v1->@Inject::updateSynchronizedRecipes(Lnet/minecraft/world/item/crafting/RecipeMap;Lnet/minecraft/server/packs/resources/ResourceManager;Lnet/minecraft/util/profiling/ProfilerFiller;Lorg/spongepowered/asm/mixin/injection/callback/CallbackInfo;)V has 0 override(s) in child classes
[20:58:23] [Worker-Main-5/DEBUG] (FabricLoader/Mixin) fabric-recipe-api-v1.mixins.json:RecipeManagerMixin from mod fabric-recipe-api-v1->@Inject::updateSynchronizedRecipes(Lnet/minecraft/world/item/crafting/RecipeMap;Lnet/minecraft/server/packs/resources/ResourceManager;Lnet/minecraft/util/profiling/ProfilerFiller;Lorg/spongepowered/asm/mixin/injection/callback/CallbackInfo;)V won't be passed a CallbackInfo as a result
[20:58:23] [Worker-Main-5/DEBUG] (FabricLoader/Mixin) Mixing RecipeAccessMixin from fabric-recipe-api-v1.mixins.json into net.minecraft.world.item.crafting.RecipeAccess
[20:58:23] [Worker-Main-5/DEBUG] (FabricLoader/Mixin) Mixing sync.RecipeMapMixin from fabric-recipe-api-v1.mixins.json into net.minecraft.world.item.crafting.RecipeMap
[20:58:23] [Worker-Main-5/DEBUG] (FabricLoader/Mixin) fabric-recipe-api-v1.mixins.json:sync.RecipeMapMixin from mod fabric-recipe-api-v1->@Inject::provideSerializerMap(Ljava/lang/Iterable;Lorg/spongepowered/asm/mixin/injection/callback/CallbackInfoReturnable;)V doesn't use it's CallbackInfoReturnable
[20:58:23] [Worker-Main-5/DEBUG] (FabricLoader/Mixin) fabric-recipe-api-v1.mixins.json:sync.RecipeMapMixin from mod fabric-recipe-api-v1->@Inject::fillSerializerMap(Ljava/lang/Iterable;Lorg/spongepowered/asm/mixin/injection/callback/CallbackInfoReturnable;)V doesn't use it's CallbackInfoReturnable
[20:58:23] [Worker-Main-5/DEBUG] (FabricLoader/Mixin) Mixing CommandsMixin from fabric-networking-api-v1.mixins.json into net.minecraft.commands.Commands
[20:58:23] [Worker-Main-5/DEBUG] (FabricLoader/Mixin) Mixing CommandsMixin from fabric-command-api-v2.mixins.json into net.minecraft.commands.Commands
[20:58:23] [Worker-Main-5/DEBUG] (FabricLoader/Mixin) fabric-networking-api-v1.mixins.json:CommandsMixin from mod fabric-networking-api-v1->@Inject::init(Lnet/minecraft/commands/Commands$CommandSelection;Lnet/minecraft/commands/CommandBuildContext;Lorg/spongepowered/asm/mixin/injection/callback/CallbackInfo;)V doesn't use it's CallbackInfo
[20:58:23] [Worker-Main-5/DEBUG] (FabricLoader/Mixin) fabric-networking-api-v1.mixins.json:CommandsMixin from mod fabric-networking-api-v1->@Inject::init(Lnet/minecraft/commands/Commands$CommandSelection;Lnet/minecraft/commands/CommandBuildContext;Lorg/spongepowered/asm/mixin/injection/callback/CallbackInfo;)V has 0 override(s) in child classes
[20:58:23] [Worker-Main-5/DEBUG] (FabricLoader/Mixin) fabric-networking-api-v1.mixins.json:CommandsMixin from mod fabric-networking-api-v1->@Inject::init(Lnet/minecraft/commands/Commands$CommandSelection;Lnet/minecraft/commands/CommandBuildContext;Lorg/spongepowered/asm/mixin/injection/callback/CallbackInfo;)V won't be passed a CallbackInfo as a result
[20:58:23] [Worker-Main-5/DEBUG] (FabricLoader/Mixin) fabric-command-api-v2.mixins.json:CommandsMixin from mod fabric-command-api-v2->@Inject::fabric_addCommands(Lnet/minecraft/commands/Commands$CommandSelection;Lnet/minecraft/commands/CommandBuildContext;Lorg/spongepowered/asm/mixin/injection/callback/CallbackInfo;)V doesn't use it's CallbackInfo
[20:58:23] [Worker-Main-5/DEBUG] (FabricLoader/Mixin) fabric-command-api-v2.mixins.json:CommandsMixin from mod fabric-command-api-v2->@Inject::fabric_addCommands(Lnet/minecraft/commands/Commands$CommandSelection;Lnet/minecraft/commands/CommandBuildContext;Lorg/spongepowered/asm/mixin/injection/callback/CallbackInfo;)V has 0 override(s) in child classes
[20:58:23] [Worker-Main-5/DEBUG] (FabricLoader/Mixin) fabric-command-api-v2.mixins.json:CommandsMixin from mod fabric-command-api-v2->@Inject::fabric_addCommands(Lnet/minecraft/commands/Commands$CommandSelection;Lnet/minecraft/commands/CommandBuildContext;Lorg/spongepowered/asm/mixin/injection/callback/CallbackInfo;)V won't be passed a CallbackInfo as a result
[20:58:23] [Worker-Main-5/DEBUG] (FabricLoader/Mixin) Mixing CommandSourceStackMixin from fabric-permission-api-v1.mixins.json into net.minecraft.commands.CommandSourceStack
[20:58:23] [Worker-Main-5/DEBUG] (FabricLoader/Mixin) fabric-permission-api-v1.mixins.json:CommandSourceStackMixin from mod fabric-permission-api-v1->@Inject::storeOriginalSource(Lnet/minecraft/commands/CommandSource;Lnet/minecraft/world/phys/Vec3;Lnet/minecraft/world/phys/Vec2;Lnet/minecraft/server/level/ServerLevel;Lnet/minecraft/server/permissions/PermissionSet;Ljava/lang/String;Lnet/minecraft/network/chat/Component;Lnet/minecraft/server/MinecraftServer;Lnet/minecraft/world/entity/Entity;Lorg/spongepowered/asm/mixin/injection/callback/CallbackInfo;)V doesn't use it's CallbackInfo
[20:58:23] [Worker-Main-5/DEBUG] (FabricLoader/Mixin) fabric-permission-api-v1.mixins.json:CommandSourceStackMixin from mod fabric-permission-api-v1->@Inject::storeOriginalSource(Lnet/minecraft/commands/CommandSource;Lnet/minecraft/world/phys/Vec3;Lnet/minecraft/world/phys/Vec2;Lnet/minecraft/server/level/ServerLevel;Lnet/minecraft/server/permissions/PermissionSet;Ljava/lang/String;Lnet/minecraft/network/chat/Component;Lnet/minecraft/server/MinecraftServer;Lnet/minecraft/world/entity/Entity;Lorg/spongepowered/asm/mixin/injection/callback/CallbackInfo;)V has 0 override(s) in child classes
[20:58:23] [Worker-Main-5/DEBUG] (FabricLoader/Mixin) fabric-permission-api-v1.mixins.json:CommandSourceStackMixin from mod fabric-permission-api-v1->@Inject::storeOriginalSource(Lnet/minecraft/commands/CommandSource;Lnet/minecraft/world/phys/Vec3;Lnet/minecraft/world/phys/Vec2;Lnet/minecraft/server/level/ServerLevel;Lnet/minecraft/server/permissions/PermissionSet;Ljava/lang/String;Lnet/minecraft/network/chat/Component;Lnet/minecraft/server/MinecraftServer;Lnet/minecraft/world/entity/Entity;Lorg/spongepowered/asm/mixin/injection/callback/CallbackInfo;)V won't be passed a CallbackInfo as a result
[20:58:23] [Worker-Main-5/DEBUG] (FabricLoader/Mixin) Mixing EntityDataAccessorMixin from fabric-data-attachment-api-v1.mixins.json into net.minecraft.server.commands.data.EntityDataAccessor
[20:58:23] [Worker-Main-5/DEBUG] (FabricLoader/Mixin) Renaming synthetic method lambda$setData$0(Lcom/llamalad7/mixinextras/injector/wrapoperation/Operation;Lnet/minecraft/world/entity/Entity;Lnet/minecraft/world/level/storage/ValueInput;)V to mdb6a30c$fabric-data-attachment-api-v1$lambda$setData$0$0 in fabric-data-attachment-api-v1.mixins.json:EntityDataAccessorMixin from mod fabric-data-attachment-api-v1
[20:58:23] [Worker-Main-5/DEBUG] (FabricLoader/Mixin) Mixing BlockDataAccessorMixin from fabric-data-attachment-api-v1.mixins.json into net.minecraft.server.commands.data.BlockDataAccessor
[20:58:23] [Worker-Main-5/DEBUG] (FabricLoader/Mixin) Renaming synthetic method lambda$setData$0(Lcom/llamalad7/mixinextras/injector/wrapoperation/Operation;Lnet/minecraft/world/level/block/entity/BlockEntity;Lnet/minecraft/world/level/storage/ValueInput;)V to mdb6a30c$fabric-data-attachment-api-v1$lambda$setData$0$0 in fabric-data-attachment-api-v1.mixins.json:BlockDataAccessorMixin from mod fabric-data-attachment-api-v1
[20:58:23] [Worker-Main-5/DEBUG] (FabricLoader/Mixin) Mixing DataPackCommandMixin from fabric-resource-loader-v1.mixins.json into net.minecraft.server.commands.DataPackCommand
[20:58:23] [Worker-Main-5/DEBUG] (FabricLoader/Mixin) Renaming synthetic method lambda$filterDisabledPackSuggestions$0(Lnet/minecraft/server/packs/repository/Pack;)Z to mdb6a30c$fabric-resource-loader-v1$lambda$filterDisabledPackSuggestions$0$0 in fabric-resource-loader-v1.mixins.json:DataPackCommandMixin from mod fabric-resource-loader-v1
[20:58:23] [Worker-Main-5/DEBUG] (FabricLoader/Mixin) Renaming synthetic method lambda$filterEnabledPackSuggestions$0(Lnet/minecraft/server/packs/repository/Pack;)Z to mdb6a30c$fabric-resource-loader-v1$lambda$filterEnabledPackSuggestions$0$1 in fabric-resource-loader-v1.mixins.json:DataPackCommandMixin from mod fabric-resource-loader-v1
[20:58:23] [Worker-Main-5/DEBUG] (FabricLoader/Mixin) Renaming synthetic method lambda$static$0(Ljava/lang/Object;)Lcom/mojang/brigadier/Message; to mdb6a30c$fabric-resource-loader-v1$lambda$static$0$2 in fabric-resource-loader-v1.mixins.json:DataPackCommandMixin from mod fabric-resource-loader-v1
[20:58:23] [Worker-Main-5/DEBUG] (FabricLoader/Mixin) fabric-resource-loader-v1.mixins.json:DataPackCommandMixin from mod fabric-resource-loader-v1->@Inject::errorOnInternalPack(Lcom/mojang/brigadier/context/CommandContext;Ljava/lang/String;ZLorg/spongepowered/asm/mixin/injection/callback/CallbackInfoReturnable;)V doesn't use it's CallbackInfoReturnable
[20:58:23] [Worker-Main-5/DEBUG] (FabricLoader/Mixin) Mixing EnchantCommandMixin from fabric-item-api-v1.mixins.json into net.minecraft.server.commands.EnchantCommand
[20:58:23] [Worker-Main-5/DEBUG] (FabricLoader/Mixin) Mixing GameRuleCommandAccessor from fabric-game-rule-api-v1.mixins.json into net.minecraft.server.commands.GameRuleCommand
[20:58:23] [Worker-Main-5/DEBUG] (FabricLoader/Mixin) Renaming @Invoker method callQueryRule(Lnet/minecraft/commands/CommandSourceStack;Lnet/minecraft/world/level/gamerules/GameRule;)I to callQueryRule$fabric-game-rule-api-v1_$md$b6a30c$0 in fabric-game-rule-api-v1.mixins.json:GameRuleCommandAccessor from mod fabric-game-rule-api-v1
[20:58:23] [Worker-Main-5/DEBUG] (FabricLoader/Mixin) Mixing GameRuleCommandVisitorMixin from fabric-game-rule-api-v1.mixins.json into net.minecraft.server.commands.GameRuleCommand$1
[20:58:23] [Worker-Main-5/DEBUG] (FabricLoader/Mixin) fabric-game-rule-api-v1.mixins.json:GameRuleCommandVisitorMixin from mod fabric-game-rule-api-v1->@Inject::onRegisterCommand(Lnet/minecraft/world/level/gamerules/GameRule;Lorg/spongepowered/asm/mixin/injection/callback/CallbackInfo;)V does use it's CallbackInfo
[20:58:23] [Worker-Main-5/DEBUG] (FabricLoader/Mixin) Mixing HelpCommandAccessor from fabric-command-api-v2.mixins.json into net.minecraft.server.commands.HelpCommand
[20:58:23] [Worker-Main-5/DEBUG] (FabricLoader/Mixin) Renaming @Accessor method getFailedException()Lcom/mojang/brigadier/exceptions/SimpleCommandExceptionType; to getFailedException$fabric-command-api-v2_$md$b6a30c$0 in fabric-command-api-v2.mixins.json:HelpCommandAccessor from mod fabric-command-api-v2
[20:58:24] [Worker-Main-5/DEBUG] (FabricLoader/Mixin) Mixing DebugConfigCommandMixin from fabric-networking-api-v1.mixins.json into net.minecraft.server.commands.DebugConfigCommand
[20:58:24] [Worker-Main-5/DEBUG] (FabricLoader/Mixin) Mixing KeyedResourceReloaderMixin from fabric-resource-loader-v1.mixins.json into net.minecraft.server.ServerAdvancementManager
[20:58:24] [Worker-Main-5/DEBUG] (FabricLoader/Mixin) Mixing KeyedResourceReloaderMixin from fabric-resource-loader-v1.mixins.json into net.minecraft.server.ServerFunctionLibrary
[20:58:24] [Worker-Main-5/DEBUG] (FabricLoader/Mixin) Mixing SimpleReloadInstanceMixin from fabric-resource-loader-v1.mixins.json into net.minecraft.server.packs.resources.SimpleReloadInstance
[20:58:24] [main/INFO] (net.minecraft.world.item.crafting.RecipeManager) Loaded 1515 recipes
[20:58:24] [main/INFO] (net.minecraft.advancements.AdvancementTree) Loaded 1617 advancements
[20:58:24] [main/DEBUG] (FabricLoader/Mixin) Mixing PlayerListMixin from fabric-entity-events-v1.mixins.json into net.minecraft.server.players.PlayerList
[20:58:24] [main/DEBUG] (FabricLoader/Mixin) Mixing PlayerListMixin from fabric-networking-api-v1.mixins.json into net.minecraft.server.players.PlayerList
[20:58:24] [main/DEBUG] (FabricLoader/Mixin) Mixing PlayerListMixin from fabric-lifecycle-events-v1.mixins.json into net.minecraft.server.players.PlayerList
[20:58:24] [main/DEBUG] (FabricLoader/Mixin) Mixing PlayerListMixin from fabric-message-api-v1.mixins.json into net.minecraft.server.players.PlayerList
[20:58:24] [main/DEBUG] (FabricLoader/Mixin) fabric-entity-events-v1.mixins.json:PlayerListMixin from mod fabric-entity-events-v1->@Inject::afterRespawn(Lnet/minecraft/server/level/ServerPlayer;ZLnet/minecraft/world/entity/Entity$RemovalReason;Lorg/spongepowered/asm/mixin/injection/callback/CallbackInfoReturnable;)V does use it's CallbackInfoReturnable
[20:58:24] [main/DEBUG] (FabricLoader/Mixin) fabric-entity-events-v1.mixins.json:PlayerListMixin from mod fabric-entity-events-v1->@Inject::firePlayerJoinEvent(Lnet/minecraft/network/Connection;Lnet/minecraft/server/level/ServerPlayer;Lnet/minecraft/server/network/CommonListenerCookie;Lorg/spongepowered/asm/mixin/injection/callback/CallbackInfo;)V doesn't use it's CallbackInfo
[20:58:24] [main/DEBUG] (FabricLoader/Mixin) fabric-entity-events-v1.mixins.json:PlayerListMixin from mod fabric-entity-events-v1->@Inject::firePlayerJoinEvent(Lnet/minecraft/network/Connection;Lnet/minecraft/server/level/ServerPlayer;Lnet/minecraft/server/network/CommonListenerCookie;Lorg/spongepowered/asm/mixin/injection/callback/CallbackInfo;)V has 0 override(s) in child classes
[20:58:24] [main/DEBUG] (FabricLoader/Mixin) fabric-entity-events-v1.mixins.json:PlayerListMixin from mod fabric-entity-events-v1->@Inject::firePlayerJoinEvent(Lnet/minecraft/network/Connection;Lnet/minecraft/server/level/ServerPlayer;Lnet/minecraft/server/network/CommonListenerCookie;Lorg/spongepowered/asm/mixin/injection/callback/CallbackInfo;)V won't be passed a CallbackInfo as a result
[20:58:24] [main/DEBUG] (FabricLoader/Mixin) fabric-entity-events-v1.mixins.json:PlayerListMixin from mod fabric-entity-events-v1->@Inject::firePlayerLeaveEvent(Lnet/minecraft/server/level/ServerPlayer;Lorg/spongepowered/asm/mixin/injection/callback/CallbackInfo;)V doesn't use it's CallbackInfo
[20:58:24] [main/DEBUG] (FabricLoader/Mixin) fabric-entity-events-v1.mixins.json:PlayerListMixin from mod fabric-entity-events-v1->@Inject::firePlayerLeaveEvent(Lnet/minecraft/server/level/ServerPlayer;Lorg/spongepowered/asm/mixin/injection/callback/CallbackInfo;)V has 0 override(s) in child classes
[20:58:24] [main/DEBUG] (FabricLoader/Mixin) fabric-entity-events-v1.mixins.json:PlayerListMixin from mod fabric-entity-events-v1->@Inject::firePlayerLeaveEvent(Lnet/minecraft/server/level/ServerPlayer;Lorg/spongepowered/asm/mixin/injection/callback/CallbackInfo;)V won't be passed a CallbackInfo as a result
[20:58:24] [main/DEBUG] (FabricLoader/Mixin) fabric-networking-api-v1.mixins.json:PlayerListMixin from mod fabric-networking-api-v1->@Inject::handlePlayerConnection(Lnet/minecraft/network/Connection;Lnet/minecraft/server/level/ServerPlayer;Lnet/minecraft/server/network/CommonListenerCookie;Lorg/spongepowered/asm/mixin/injection/callback/CallbackInfo;)V doesn't use it's CallbackInfo
[20:58:24] [main/DEBUG] (FabricLoader/Mixin) fabric-networking-api-v1.mixins.json:PlayerListMixin from mod fabric-networking-api-v1->@Inject::handlePlayerConnection(Lnet/minecraft/network/Connection;Lnet/minecraft/server/level/ServerPlayer;Lnet/minecraft/server/network/CommonListenerCookie;Lorg/spongepowered/asm/mixin/injection/callback/CallbackInfo;)V has 0 override(s) in child classes
[20:58:24] [main/DEBUG] (FabricLoader/Mixin) fabric-networking-api-v1.mixins.json:PlayerListMixin from mod fabric-networking-api-v1->@Inject::handlePlayerConnection(Lnet/minecraft/network/Connection;Lnet/minecraft/server/level/ServerPlayer;Lnet/minecraft/server/network/CommonListenerCookie;Lorg/spongepowered/asm/mixin/injection/callback/CallbackInfo;)V won't be passed a CallbackInfo as a result
[20:58:24] [main/DEBUG] (FabricLoader/Mixin) fabric-lifecycle-events-v1.mixins.json:PlayerListMixin from mod fabric-lifecycle-events-v1->@Inject::hookOnPlayerConnect(Lnet/minecraft/network/Connection;Lnet/minecraft/server/level/ServerPlayer;Lnet/minecraft/server/network/CommonListenerCookie;Lorg/spongepowered/asm/mixin/injection/callback/CallbackInfo;)V doesn't use it's CallbackInfo
[20:58:24] [main/DEBUG] (FabricLoader/Mixin) fabric-lifecycle-events-v1.mixins.json:PlayerListMixin from mod fabric-lifecycle-events-v1->@Inject::hookOnPlayerConnect(Lnet/minecraft/network/Connection;Lnet/minecraft/server/level/ServerPlayer;Lnet/minecraft/server/network/CommonListenerCookie;Lorg/spongepowered/asm/mixin/injection/callback/CallbackInfo;)V has 0 override(s) in child classes
[20:58:24] [main/DEBUG] (FabricLoader/Mixin) fabric-lifecycle-events-v1.mixins.json:PlayerListMixin from mod fabric-lifecycle-events-v1->@Inject::hookOnPlayerConnect(Lnet/minecraft/network/Connection;Lnet/minecraft/server/level/ServerPlayer;Lnet/minecraft/server/network/CommonListenerCookie;Lorg/spongepowered/asm/mixin/injection/callback/CallbackInfo;)V won't be passed a CallbackInfo as a result
[20:58:24] [main/DEBUG] (FabricLoader/Mixin) fabric-lifecycle-events-v1.mixins.json:PlayerListMixin from mod fabric-lifecycle-events-v1->@Inject::hookOnDataPacksReloaded(Lorg/spongepowered/asm/mixin/injection/callback/CallbackInfo;)V doesn't use it's CallbackInfo
[20:58:24] [main/DEBUG] (FabricLoader/Mixin) fabric-lifecycle-events-v1.mixins.json:PlayerListMixin from mod fabric-lifecycle-events-v1->@Inject::hookOnDataPacksReloaded(Lorg/spongepowered/asm/mixin/injection/callback/CallbackInfo;)V has 0 override(s) in child classes
[20:58:24] [main/DEBUG] (FabricLoader/Mixin) fabric-lifecycle-events-v1.mixins.json:PlayerListMixin from mod fabric-lifecycle-events-v1->@Inject::hookOnDataPacksReloaded(Lorg/spongepowered/asm/mixin/injection/callback/CallbackInfo;)V won't be passed a CallbackInfo as a result
[20:58:24] [main/DEBUG] (FabricLoader/Mixin) fabric-message-api-v1.mixins.json:PlayerListMixin from mod fabric-message-api-v1->@Inject::onSendChatMessage(Lnet/minecraft/network/chat/PlayerChatMessage;Lnet/minecraft/server/level/ServerPlayer;Lnet/minecraft/network/chat/ChatType$Bound;Lorg/spongepowered/asm/mixin/injection/callback/CallbackInfo;)V does use it's CallbackInfo
[20:58:24] [main/DEBUG] (FabricLoader/Mixin) fabric-message-api-v1.mixins.json:PlayerListMixin from mod fabric-message-api-v1->@Inject::onSendGameMessage(Lnet/minecraft/network/chat/Component;Ljava/util/function/Function;ZLorg/spongepowered/asm/mixin/injection/callback/CallbackInfo;)V does use it's CallbackInfo
[20:58:24] [main/DEBUG] (FabricLoader/Mixin) fabric-message-api-v1.mixins.json:PlayerListMixin from mod fabric-message-api-v1->@Inject::onSendCommandMessage(Lnet/minecraft/network/chat/PlayerChatMessage;Lnet/minecraft/commands/CommandSourceStack;Lnet/minecraft/network/chat/ChatType$Bound;Lorg/spongepowered/asm/mixin/injection/callback/CallbackInfo;)V does use it's CallbackInfo
[20:58:24] [main/DEBUG] (FabricLoader/Mixin) Mixing ServerDebugSubscribersMixin from fabric-debug-api-v1.mixins.json into net.minecraft.util.debug.ServerDebugSubscribers
[20:58:24] [main/DEBUG] (FabricLoader/Mixin) Mixing SavedDataStorageMixin from fabric-object-builder-v1.mixins.json into net.minecraft.world.level.storage.SavedDataStorage
[20:58:24] [main/DEBUG] (FabricLoader/Mixin) Generating mapped inner class net/minecraft/world/level/levelgen/structure/templatesystem/StructureTemplateManager$Anonymous$2385a326ce863bc0bf2a11ea898a45b4 (originally net/fabricmc/fabric/mixin/gametest/StructureTemplateManagerMixin$1)
[20:58:24] [main/DEBUG] (FabricLoader/Mixin) Mixing PotionBrewingBuilderMixin from fabric-content-registries-v0.mixins.json into net.minecraft.world.item.alchemy.PotionBrewing$Builder
[20:58:24] [main/DEBUG] (FabricLoader/Mixin) fabric-content-registries-v0.mixins.json:PotionBrewingBuilderMixin from mod fabric-content-registries-v0->@Inject::build(Lorg/spongepowered/asm/mixin/injection/callback/CallbackInfoReturnable;)V doesn't use it's CallbackInfoReturnable
[20:58:24] [main/DEBUG] (FabricLoader/Mixin) fabric-content-registries-v0.mixins.json:PotionBrewingBuilderMixin from mod fabric-content-registries-v0->@Inject::build(Lorg/spongepowered/asm/mixin/injection/callback/CallbackInfoReturnable;)V has 0 override(s) in child classes
[20:58:24] [main/DEBUG] (FabricLoader/Mixin) fabric-content-registries-v0.mixins.json:PotionBrewingBuilderMixin from mod fabric-content-registries-v0->@Inject::build(Lorg/spongepowered/asm/mixin/injection/callback/CallbackInfoReturnable;)V won't be passed a CallbackInfoReturnable as a result
[20:58:24] [main/DEBUG] (FabricLoader/Mixin) Mixing FuelValuesMixin from fabric-content-registries-v0.mixins.json into net.minecraft.world.level.block.entity.FuelValues
[20:58:24] [main/INFO] (net.fabricmc.fabric.impl.biome.modification.BiomeModificationImpl) Applied 0 biome modifications to 0 of 65 new biomes in 1.447 ms
[20:58:24] [main/DEBUG] (FabricLoader/Mixin) Mixing AttachmentTargetsMixin from fabric-data-attachment-api-v1.mixins.json into net.fabricmc.fabric.impl.attachment.GlobalAttachmentsImpl
[20:58:24] [Server thread/INFO] (net.minecraft.server.dedicated.DedicatedServer) Starting minecraft server version 26.1.2
[20:58:24] [Server thread/INFO] (net.minecraft.server.dedicated.DedicatedServer) Loading properties
[20:58:24] [Server thread/INFO] (net.minecraft.server.dedicated.DedicatedServer) Default game type: SURVIVAL
[20:58:24] [Server thread/INFO] (net.minecraft.server.MinecraftServer) Generating keypair
[20:58:24] [Server thread/INFO] (net.minecraft.server.dedicated.DedicatedServer) Starting Minecraft server on *:25566
[20:58:24] [Server thread/DEBUG] (io.netty.channel.kqueue.KQueue) KQueue support is not available: null
[20:58:24] [Server thread/DEBUG] (io.netty.channel.epoll.Epoll) Epoll support is not available: null
[20:58:24] [Server thread/DEBUG] (FabricLoader/Mixin) Mixing ConnectionMixin from fabric-networking-api-v1.mixins.json into net.minecraft.network.Connection
[20:58:24] [Server thread/DEBUG] (FabricLoader/Mixin) Renaming synthetic method lambda$fabric_getPendingChannelsNames$0(Lnet/minecraft/network/ConnectionProtocol;)Ljava/util/Collection; to mdb6a30c$fabric-networking-api-v1$lambda$fabric_getPendingChannelsNames$0$0 in fabric-networking-api-v1.mixins.json:ConnectionMixin from mod fabric-networking-api-v1
[20:58:24] [Server thread/DEBUG] (FabricLoader/Mixin) Renaming synthetic method lambda$injectFabricPacketSlitterHandlerOutbound$1(Lnet/fabricmc/fabric/impl/networking/PayloadTypeRegistryImpl;Lio/netty/channel/ChannelHandlerContext;)V to mdb6a30c$fabric-networking-api-v1$lambda$injectFabricPacketSlitterHandlerOutbound$1$1 in fabric-networking-api-v1.mixins.json:ConnectionMixin from mod fabric-networking-api-v1
[20:58:24] [Server thread/DEBUG] (FabricLoader/Mixin) Renaming synthetic method lambda$injectFabricPacketSlitterHandlerOutbound$0(Lio/netty/channel/ChannelHandlerContext;)V to mdb6a30c$fabric-networking-api-v1$lambda$injectFabricPacketSlitterHandlerOutbound$0$2 in fabric-networking-api-v1.mixins.json:ConnectionMixin from mod fabric-networking-api-v1
[20:58:24] [Server thread/DEBUG] (FabricLoader/Mixin) Renaming synthetic method lambda$injectFabricPacketSlitterHandlerInbound$1(Lnet/fabricmc/fabric/impl/networking/PayloadTypeRegistryImpl;Lnet/minecraft/network/ProtocolInfo;Lio/netty/channel/ChannelHandlerContext;)V to mdb6a30c$fabric-networking-api-v1$lambda$injectFabricPacketSlitterHandlerInbound$1$3 in fabric-networking-api-v1.mixins.json:ConnectionMixin from mod fabric-networking-api-v1
[20:58:24] [Server thread/DEBUG] (FabricLoader/Mixin) Renaming synthetic method lambda$injectFabricPacketSlitterHandlerInbound$0(Lio/netty/channel/ChannelHandlerContext;)V to mdb6a30c$fabric-networking-api-v1$lambda$injectFabricPacketSlitterHandlerInbound$0$4 in fabric-networking-api-v1.mixins.json:ConnectionMixin from mod fabric-networking-api-v1
[20:58:24] [Server thread/DEBUG] (FabricLoader/Mixin) Mixing sync.ConnectionMixin from fabric-recipe-api-v1.mixins.json into net.minecraft.network.Connection
[20:58:24] [Server thread/DEBUG] (FabricLoader/Mixin) fabric-networking-api-v1.mixins.json:ConnectionMixin from mod fabric-networking-api-v1->@Inject::initAddedFields(Lnet/minecraft/network/protocol/PacketFlow;Lorg/spongepowered/asm/mixin/injection/callback/CallbackInfo;)V doesn't use it's CallbackInfo
[20:58:24] [Server thread/DEBUG] (FabricLoader/Mixin) fabric-networking-api-v1.mixins.json:ConnectionMixin from mod fabric-networking-api-v1->@Inject::initAddedFields(Lnet/minecraft/network/protocol/PacketFlow;Lorg/spongepowered/asm/mixin/injection/callback/CallbackInfo;)V has 0 override(s) in child classes
[20:58:24] [Server thread/DEBUG] (FabricLoader/Mixin) fabric-networking-api-v1.mixins.json:ConnectionMixin from mod fabric-networking-api-v1->@Inject::initAddedFields(Lnet/minecraft/network/protocol/PacketFlow;Lorg/spongepowered/asm/mixin/injection/callback/CallbackInfo;)V won't be passed a CallbackInfo as a result
[20:58:24] [Server thread/DEBUG] (FabricLoader/Mixin) fabric-networking-api-v1.mixins.json:ConnectionMixin from mod fabric-networking-api-v1->@Inject::checkPacket(Lnet/minecraft/network/protocol/Packet;Lio/netty/channel/ChannelFutureListener;ZLorg/spongepowered/asm/mixin/injection/callback/CallbackInfo;)V doesn't use it's CallbackInfo
[20:58:24] [Server thread/DEBUG] (FabricLoader/Mixin) fabric-networking-api-v1.mixins.json:ConnectionMixin from mod fabric-networking-api-v1->@Inject::checkPacket(Lnet/minecraft/network/protocol/Packet;Lio/netty/channel/ChannelFutureListener;ZLorg/spongepowered/asm/mixin/injection/callback/CallbackInfo;)V has 0 override(s) in child classes
[20:58:24] [Server thread/DEBUG] (FabricLoader/Mixin) fabric-networking-api-v1.mixins.json:ConnectionMixin from mod fabric-networking-api-v1->@Inject::checkPacket(Lnet/minecraft/network/protocol/Packet;Lio/netty/channel/ChannelFutureListener;ZLorg/spongepowered/asm/mixin/injection/callback/CallbackInfo;)V won't be passed a CallbackInfo as a result
[20:58:24] [Server thread/DEBUG] (FabricLoader/Mixin) fabric-networking-api-v1.mixins.json:ConnectionMixin from mod fabric-networking-api-v1->@Inject::unwatchAddon(Lnet/minecraft/network/ProtocolInfo;Lnet/minecraft/network/PacketListener;Lorg/spongepowered/asm/mixin/injection/callback/CallbackInfo;)V doesn't use it's CallbackInfo
[20:58:24] [Server thread/DEBUG] (FabricLoader/Mixin) fabric-networking-api-v1.mixins.json:ConnectionMixin from mod fabric-networking-api-v1->@Inject::unwatchAddon(Lnet/minecraft/network/ProtocolInfo;Lnet/minecraft/network/PacketListener;Lorg/spongepowered/asm/mixin/injection/callback/CallbackInfo;)V has 0 override(s) in child classes
[20:58:24] [Server thread/DEBUG] (FabricLoader/Mixin) fabric-networking-api-v1.mixins.json:ConnectionMixin from mod fabric-networking-api-v1->@Inject::unwatchAddon(Lnet/minecraft/network/ProtocolInfo;Lnet/minecraft/network/PacketListener;Lorg/spongepowered/asm/mixin/injection/callback/CallbackInfo;)V won't be passed a CallbackInfo as a result
[20:58:24] [Server thread/DEBUG] (FabricLoader/Mixin) fabric-networking-api-v1.mixins.json:ConnectionMixin from mod fabric-networking-api-v1->@Inject::disconnectAddon(Lio/netty/channel/ChannelHandlerContext;Lorg/spongepowered/asm/mixin/injection/callback/CallbackInfo;)V doesn't use it's CallbackInfo
[20:58:24] [Server thread/DEBUG] (FabricLoader/Mixin) fabric-networking-api-v1.mixins.json:ConnectionMixin from mod fabric-networking-api-v1->@Inject::disconnectAddon(Lio/netty/channel/ChannelHandlerContext;Lorg/spongepowered/asm/mixin/injection/callback/CallbackInfo;)V has 0 override(s) in child classes
[20:58:24] [Server thread/DEBUG] (FabricLoader/Mixin) fabric-networking-api-v1.mixins.json:ConnectionMixin from mod fabric-networking-api-v1->@Inject::disconnectAddon(Lio/netty/channel/ChannelHandlerContext;Lorg/spongepowered/asm/mixin/injection/callback/CallbackInfo;)V won't be passed a CallbackInfo as a result
[20:58:24] [Server thread/DEBUG] (FabricLoader/Mixin) fabric-networking-api-v1.mixins.json:ConnectionMixin from mod fabric-networking-api-v1->@Inject::disconnectAddon(Lorg/spongepowered/asm/mixin/injection/callback/CallbackInfo;)V doesn't use it's CallbackInfo
[20:58:24] [Server thread/DEBUG] (FabricLoader/Mixin) fabric-networking-api-v1.mixins.json:ConnectionMixin from mod fabric-networking-api-v1->@Inject::disconnectAddon(Lorg/spongepowered/asm/mixin/injection/callback/CallbackInfo;)V has 0 override(s) in child classes
[20:58:24] [Server thread/DEBUG] (FabricLoader/Mixin) fabric-networking-api-v1.mixins.json:ConnectionMixin from mod fabric-networking-api-v1->@Inject::disconnectAddon(Lorg/spongepowered/asm/mixin/injection/callback/CallbackInfo;)V won't be passed a CallbackInfo as a result
[20:58:24] [Server thread/DEBUG] (io.netty.channel.MultithreadEventLoopGroup) -Dio.netty.eventLoopThreads: 24
[20:58:24] [Server thread/DEBUG] (io.netty.channel.nio.NioIoHandler) -Dio.netty.noKeySetOptimization: false
[20:58:24] [Server thread/DEBUG] (io.netty.channel.nio.NioIoHandler) -Dio.netty.selectorAutoRebuildThreshold: 512
[20:58:25] [Server thread/DEBUG] (io.netty.util.concurrent.GlobalEventExecutor) -Dio.netty.globalEventExecutor.quietPeriodSeconds: 1
[20:58:25] [Server thread/DEBUG] (io.netty.util.internal.PlatformDependent) org.jctools-core.MpscChunkedArrayQueue: available
[20:58:25] [Server thread/DEBUG] (io.netty.channel.DefaultChannelId) -Dio.netty.processId: 17188 (auto-detected)
[20:58:25] [Server thread/DEBUG] (io.netty.util.NetUtil) -Djava.net.preferIPv4Stack: false
[20:58:25] [Server thread/DEBUG] (io.netty.util.NetUtil) -Djava.net.preferIPv6Addresses: false
[20:58:25] [Server thread/DEBUG] (io.netty.util.NetUtilInitializations) Loopback interface: loopback_0 (Software Loopback Interface 1, 0:0:0:0:0:0:0:1)
[20:58:25] [Server thread/DEBUG] (io.netty.util.NetUtil) Failed to get SOMAXCONN from sysctl and file \proc\sys\net\core\somaxconn. Default: 200
[20:58:25] [Server thread/DEBUG] (io.netty.channel.DefaultChannelId) -Dio.netty.machineId: 2c:f0:5d:ff:fe:79:58:f2 (auto-detected)
[20:58:25] [Server thread/DEBUG] (io.netty.bootstrap.ChannelInitializerExtensions) -Dio.netty.bootstrap.extensions: null
[20:58:25] [Server thread/INFO] (net.minecraft.server.dedicated.DedicatedServer) Preparing level "world"
[20:58:25] [Server thread/DEBUG] (io.netty.util.internal.ThreadLocalRandom) -Dio.netty.initialSeedUniquifier: 0x918f1ac133480a02
[20:58:25] [Server thread/DEBUG] (FabricLoader/Mixin) Mixing PersistentEntitySectionManagerMixin from fabric-lifecycle-events-v1.mixins.json into net.minecraft.world.level.entity.PersistentEntitySectionManager
[20:58:25] [Server thread/DEBUG] (FabricLoader/Mixin) fabric-lifecycle-events-v1.mixins.json:PersistentEntitySectionManagerMixin from mod fabric-lifecycle-events-v1->@Inject::beforeAddEntity(Lnet/minecraft/world/level/entity/EntityAccess;ZLorg/spongepowered/asm/mixin/injection/callback/CallbackInfoReturnable;)V does use it's CallbackInfoReturnable
[20:58:25] [Server thread/DEBUG] (FabricLoader/Mixin) Mixing ServerLevelEntityCallbacksMixin from fabric-lifecycle-events-v1.mixins.json into net.minecraft.server.level.ServerLevel$EntityCallbacks
[20:58:25] [Server thread/DEBUG] (FabricLoader/Mixin) fabric-lifecycle-events-v1.mixins.json:ServerLevelEntityCallbacksMixin from mod fabric-lifecycle-events-v1->@Inject::invokeEntityLoadEvent(Lnet/minecraft/world/entity/Entity;Lorg/spongepowered/asm/mixin/injection/callback/CallbackInfo;)V doesn't use it's CallbackInfo
[20:58:25] [Server thread/DEBUG] (FabricLoader/Mixin) fabric-lifecycle-events-v1.mixins.json:ServerLevelEntityCallbacksMixin from mod fabric-lifecycle-events-v1->@Inject::invokeEntityUnloadEvent(Lnet/minecraft/world/entity/Entity;Lorg/spongepowered/asm/mixin/injection/callback/CallbackInfo;)V doesn't use it's CallbackInfo
[20:58:25] [Server thread/DEBUG] (FabricLoader/Mixin) Mixing accessor.ChunkMapAccessor from fabric-networking-api-v1.mixins.json into net.minecraft.server.level.ChunkMap
[20:58:25] [Server thread/DEBUG] (FabricLoader/Mixin) Mixing ChunkMapMixin from fabric-lifecycle-events-v1.mixins.json into net.minecraft.server.level.ChunkMap
[20:58:25] [Server thread/DEBUG] (FabricLoader/Mixin) fabric-lifecycle-events-v1.mixins.json:ChunkMapMixin from mod fabric-lifecycle-events-v1->@Inject::onChunkUnload(Lnet/minecraft/server/level/ChunkHolder;Ljava/util/concurrent/CompletableFuture;JLorg/spongepowered/asm/mixin/injection/callback/CallbackInfo;)V doesn't use it's CallbackInfo
[20:58:25] [Server thread/DEBUG] (FabricLoader/Mixin) fabric-lifecycle-events-v1.mixins.json:ChunkMapMixin from mod fabric-lifecycle-events-v1->@Inject::onChunkUnload(Lnet/minecraft/server/level/ChunkHolder;Ljava/util/concurrent/CompletableFuture;JLorg/spongepowered/asm/mixin/injection/callback/CallbackInfo;)V has 0 override(s) in child classes
[20:58:25] [Server thread/DEBUG] (FabricLoader/Mixin) fabric-lifecycle-events-v1.mixins.json:ChunkMapMixin from mod fabric-lifecycle-events-v1->@Inject::onChunkUnload(Lnet/minecraft/server/level/ChunkHolder;Ljava/util/concurrent/CompletableFuture;JLorg/spongepowered/asm/mixin/injection/callback/CallbackInfo;)V won't be passed a CallbackInfo as a result
[20:58:25] [Server thread/DEBUG] (FabricLoader/Mixin) Mixing ChunkHolderMixin from fabric-data-attachment-api-v1.mixins.json into net.minecraft.server.level.ChunkHolder
[20:58:25] [Server thread/DEBUG] (FabricLoader/Mixin) Mixing ChunkHolderMixin from fabric-lifecycle-events-v1.mixins.json into net.minecraft.server.level.ChunkHolder
[20:58:25] [Server thread/DEBUG] (FabricLoader/Mixin) fabric-data-attachment-api-v1.mixins.json:ChunkHolderMixin from mod fabric-data-attachment-api-v1->@Inject::broadcastBlockEntity(Ljava/util/List;Lnet/minecraft/world/level/Level;Lnet/minecraft/core/BlockPos;Lorg/spongepowered/asm/mixin/injection/callback/CallbackInfo;)V doesn't use it's CallbackInfo
[20:58:25] [Server thread/DEBUG] (FabricLoader/Mixin) fabric-data-attachment-api-v1.mixins.json:ChunkHolderMixin from mod fabric-data-attachment-api-v1->@Inject::broadcastBlockEntity(Ljava/util/List;Lnet/minecraft/world/level/Level;Lnet/minecraft/core/BlockPos;Lorg/spongepowered/asm/mixin/injection/callback/CallbackInfo;)V has 0 override(s) in child classes
[20:58:25] [Server thread/DEBUG] (FabricLoader/Mixin) fabric-data-attachment-api-v1.mixins.json:ChunkHolderMixin from mod fabric-data-attachment-api-v1->@Inject::broadcastBlockEntity(Ljava/util/List;Lnet/minecraft/world/level/Level;Lnet/minecraft/core/BlockPos;Lorg/spongepowered/asm/mixin/injection/callback/CallbackInfo;)V won't be passed a CallbackInfo as a result
[20:58:25] [Server thread/DEBUG] (FabricLoader/Mixin) fabric-lifecycle-events-v1.mixins.json:ChunkHolderMixin from mod fabric-lifecycle-events-v1->@Inject::updateFutures$inaccessibleToFull(Lnet/minecraft/server/level/ChunkMap;Ljava/util/concurrent/Executor;Lorg/spongepowered/asm/mixin/injection/callback/CallbackInfo;)V doesn't use it's CallbackInfo
[20:58:25] [Server thread/DEBUG] (FabricLoader/Mixin) fabric-lifecycle-events-v1.mixins.json:ChunkHolderMixin from mod fabric-lifecycle-events-v1->@Inject::updateFutures$inaccessibleToFull(Lnet/minecraft/server/level/ChunkMap;Ljava/util/concurrent/Executor;Lorg/spongepowered/asm/mixin/injection/callback/CallbackInfo;)V has 0 override(s) in child classes
[20:58:25] [Server thread/DEBUG] (FabricLoader/Mixin) fabric-lifecycle-events-v1.mixins.json:ChunkHolderMixin from mod fabric-lifecycle-events-v1->@Inject::updateFutures$inaccessibleToFull(Lnet/minecraft/server/level/ChunkMap;Ljava/util/concurrent/Executor;Lorg/spongepowered/asm/mixin/injection/callback/CallbackInfo;)V won't be passed a CallbackInfo as a result
[20:58:25] [Server thread/DEBUG] (FabricLoader/Mixin) fabric-lifecycle-events-v1.mixins.json:ChunkHolderMixin from mod fabric-lifecycle-events-v1->@Inject::updateFutures$fullToBlockTicking(Lnet/minecraft/server/level/ChunkMap;Ljava/util/concurrent/Executor;Lorg/spongepowered/asm/mixin/injection/callback/CallbackInfo;)V doesn't use it's CallbackInfo
[20:58:25] [Server thread/DEBUG] (FabricLoader/Mixin) fabric-lifecycle-events-v1.mixins.json:ChunkHolderMixin from mod fabric-lifecycle-events-v1->@Inject::updateFutures$fullToBlockTicking(Lnet/minecraft/server/level/ChunkMap;Ljava/util/concurrent/Executor;Lorg/spongepowered/asm/mixin/injection/callback/CallbackInfo;)V has 0 override(s) in child classes
[20:58:25] [Server thread/DEBUG] (FabricLoader/Mixin) fabric-lifecycle-events-v1.mixins.json:ChunkHolderMixin from mod fabric-lifecycle-events-v1->@Inject::updateFutures$fullToBlockTicking(Lnet/minecraft/server/level/ChunkMap;Ljava/util/concurrent/Executor;Lorg/spongepowered/asm/mixin/injection/callback/CallbackInfo;)V won't be passed a CallbackInfo as a result
[20:58:25] [Server thread/DEBUG] (FabricLoader/Mixin) fabric-lifecycle-events-v1.mixins.json:ChunkHolderMixin from mod fabric-lifecycle-events-v1->@Inject::updateFutures$blockTickingToEntityTicking(Lnet/minecraft/server/level/ChunkMap;Ljava/util/concurrent/Executor;Lorg/spongepowered/asm/mixin/injection/callback/CallbackInfo;)V doesn't use it's CallbackInfo
[20:58:25] [Server thread/DEBUG] (FabricLoader/Mixin) fabric-lifecycle-events-v1.mixins.json:ChunkHolderMixin from mod fabric-lifecycle-events-v1->@Inject::updateFutures$blockTickingToEntityTicking(Lnet/minecraft/server/level/ChunkMap;Ljava/util/concurrent/Executor;Lorg/spongepowered/asm/mixin/injection/callback/CallbackInfo;)V has 0 override(s) in child classes
[20:58:25] [Server thread/DEBUG] (FabricLoader/Mixin) fabric-lifecycle-events-v1.mixins.json:ChunkHolderMixin from mod fabric-lifecycle-events-v1->@Inject::updateFutures$blockTickingToEntityTicking(Lnet/minecraft/server/level/ChunkMap;Ljava/util/concurrent/Executor;Lorg/spongepowered/asm/mixin/injection/callback/CallbackInfo;)V won't be passed a CallbackInfo as a result
[20:58:25] [Server thread/DEBUG] (FabricLoader/Mixin) fabric-lifecycle-events-v1.mixins.json:ChunkHolderMixin from mod fabric-lifecycle-events-v1->@Inject::decreaseLevel(Lnet/minecraft/server/level/ChunkMap;Lnet/minecraft/server/level/FullChunkStatus;Lorg/spongepowered/asm/mixin/injection/callback/CallbackInfo;)V doesn't use it's CallbackInfo
[20:58:25] [Server thread/DEBUG] (FabricLoader/Mixin) fabric-lifecycle-events-v1.mixins.json:ChunkHolderMixin from mod fabric-lifecycle-events-v1->@Inject::decreaseLevel(Lnet/minecraft/server/level/ChunkMap;Lnet/minecraft/server/level/FullChunkStatus;Lorg/spongepowered/asm/mixin/injection/callback/CallbackInfo;)V has 0 override(s) in child classes
[20:58:25] [Server thread/DEBUG] (FabricLoader/Mixin) fabric-lifecycle-events-v1.mixins.json:ChunkHolderMixin from mod fabric-lifecycle-events-v1->@Inject::decreaseLevel(Lnet/minecraft/server/level/ChunkMap;Lnet/minecraft/server/level/FullChunkStatus;Lorg/spongepowered/asm/mixin/injection/callback/CallbackInfo;)V won't be passed a CallbackInfo as a result
[20:58:25] [Server thread/DEBUG] (FabricLoader/Mixin) Mixing RandomStateMixin from fabric-biome-api-v1.mixins.json into net.minecraft.world.level.levelgen.RandomState
[20:58:25] [Server thread/DEBUG] (FabricLoader/Mixin) fabric-biome-api-v1.mixins.json:RandomStateMixin from mod fabric-biome-api-v1->@Inject::init(Lnet/minecraft/world/level/levelgen/NoiseGeneratorSettings;Lnet/minecraft/core/HolderGetter;JLorg/spongepowered/asm/mixin/injection/callback/CallbackInfo;)V doesn't use it's CallbackInfo
[20:58:25] [Server thread/DEBUG] (FabricLoader/Mixin) Mixing ClimateSamplerMixin from fabric-biome-api-v1.mixins.json into net.minecraft.world.level.biome.Climate$Sampler
[20:58:25] [Server thread/INFO] (net.minecraft.server.level.progress.LoggingLevelLoadListener) Loading 0 persistent chunks...
[20:58:25] [Server thread/DEBUG] (FabricLoader/Mixin) Mixing server.LanguageMixin from fabric-resource-loader-v1.mixins.json into net.minecraft.locale.Language
[20:58:25] [Server thread/INFO] (net.minecraft.server.level.progress.LoggingLevelLoadListener) Preparing spawn area: 100%
[20:58:25] [Server thread/INFO] (net.minecraft.server.level.progress.LoggingLevelLoadListener) Time elapsed: 56 ms
[20:58:25] [Server thread/INFO] (net.minecraft.server.dedicated.DedicatedServer) Done (0.484s)! For help, type "help"
[20:58:25] [Server thread/DEBUG] (FabricLoader/Mixin) Mixing ServerWatchdogMixin from fabric-crash-report-info-v1.mixins.json into net.minecraft.server.dedicated.ServerWatchdog
[20:58:25] [Server thread/INFO] (net.minecraft.server.MinecraftServer) Saving chunks for level 'ServerLevel[world]'/minecraft:overworld
[20:58:25] [Server thread/INFO] (net.minecraft.server.MinecraftServer) Saving chunks for level 'ServerLevel[world]'/minecraft:the_end
[20:58:25] [Server thread/INFO] (net.minecraft.server.MinecraftServer) Saving chunks for level 'ServerLevel[world]'/minecraft:the_nether
[20:58:25] [Server thread/INFO] (net.minecraft.server.MinecraftServer) ThreadedAnvilChunkStorage (world): All chunks are saved
[20:58:25] [Server thread/INFO] (net.minecraft.server.MinecraftServer) ThreadedAnvilChunkStorage (DIM1): All chunks are saved
[20:58:25] [Server thread/INFO] (net.minecraft.server.MinecraftServer) ThreadedAnvilChunkStorage (DIM-1): All chunks are saved
[20:58:25] [Server thread/INFO] (net.minecraft.server.MinecraftServer) ThreadedAnvilChunkStorage: All dimensions are saved
[20:58:37] [Netty NIO IO #1/DEBUG] (FabricLoader/Mixin) Mixing PacketDecoderMixin from fabric-networking-api-v1.mixins.json into net.minecraft.network.PacketDecoder
[20:58:37] [Netty NIO IO #1/DEBUG] (FabricLoader/Mixin) Renaming synthetic method lambda$wrapWithContext$0(Lcom/llamalad7/mixinextras/injector/wrapoperation/Operation;Lio/netty/channel/ChannelHandlerContext;Lio/netty/buffer/ByteBuf;Ljava/util/List;)V to mdb6a30c$fabric-networking-api-v1$lambda$wrapWithContext$0$0 in fabric-networking-api-v1.mixins.json:PacketDecoderMixin from mod fabric-networking-api-v1
[20:58:37] [Netty NIO IO #1/DEBUG] (FabricLoader/Mixin) Mixing accessor.PacketDecoderAccessor from fabric-networking-api-v1.mixins.json into net.minecraft.network.PacketDecoder
[20:58:37] [Netty NIO IO #1/DEBUG] (FabricLoader/Mixin) Mixing PacketEncoderMixin from fabric-networking-api-v1.mixins.json into net.minecraft.network.PacketEncoder
[20:58:37] [Netty NIO IO #1/DEBUG] (FabricLoader/Mixin) Renaming synthetic method lambda$wrapWithContext$0(Lcom/llamalad7/mixinextras/injector/wrapoperation/Operation;Lio/netty/channel/ChannelHandlerContext;Lnet/minecraft/network/protocol/Packet;Lio/netty/buffer/ByteBuf;)V to mdb6a30c$fabric-networking-api-v1$lambda$wrapWithContext$0$0 in fabric-networking-api-v1.mixins.json:PacketEncoderMixin from mod fabric-networking-api-v1
[20:58:37] [Netty NIO IO #1/DEBUG] (FabricLoader/Mixin) Mixing accessor.PacketEncoderAccessor from fabric-networking-api-v1.mixins.json into net.minecraft.network.PacketEncoder
[20:58:37] [Netty NIO IO #1/DEBUG] (FabricLoader/Mixin) fabric-networking-api-v1.mixins.json:PacketEncoderMixin from mod fabric-networking-api-v1->@Inject::handlePassthroughPacket(Lio/netty/channel/ChannelHandlerContext;Lnet/minecraft/network/protocol/Packet;Lio/netty/buffer/ByteBuf;Lorg/spongepowered/asm/mixin/injection/callback/CallbackInfo;)V does use it's CallbackInfo
[20:58:37] [Netty NIO IO #1/DEBUG] (FabricLoader/Mixin) Mixing IdDispatchCodecMixin from fabric-networking-api-v1.mixins.json into net.minecraft.network.codec.IdDispatchCodec
[20:58:37] [Netty NIO IO #1/DEBUG] (FabricLoader/Mixin) fabric-networking-api-v1.mixins.json:IdDispatchCodecMixin from mod fabric-networking-api-v1->@Inject::encode(Lio/netty/buffer/ByteBuf;Ljava/lang/Object;Lorg/spongepowered/asm/mixin/injection/callback/CallbackInfo;)V doesn't use it's CallbackInfo
[20:58:37] [Netty NIO IO #1/DEBUG] (FabricLoader/Mixin) fabric-networking-api-v1.mixins.json:IdDispatchCodecMixin from mod fabric-networking-api-v1->@Inject::encode(Lio/netty/buffer/ByteBuf;Ljava/lang/Object;Lorg/spongepowered/asm/mixin/injection/callback/CallbackInfo;)V has 0 override(s) in child classes
[20:58:37] [Netty NIO IO #1/DEBUG] (FabricLoader/Mixin) fabric-networking-api-v1.mixins.json:IdDispatchCodecMixin from mod fabric-networking-api-v1->@Inject::encode(Lio/netty/buffer/ByteBuf;Ljava/lang/Object;Lorg/spongepowered/asm/mixin/injection/callback/CallbackInfo;)V won't be passed a CallbackInfo as a result
[20:58:37] [Netty NIO IO #1/DEBUG] (io.netty.buffer.AbstractByteBuf) -Dio.netty.buffer.checkAccessible: true
[20:58:37] [Netty NIO IO #1/DEBUG] (io.netty.buffer.AbstractByteBuf) -Dio.netty.buffer.checkBounds: true
[20:58:37] [Netty NIO IO #1/DEBUG] (io.netty.util.ResourceLeakDetectorFactory) Loaded default ResourceLeakDetector: io.netty.util.ResourceLeakDetector@50c397ff
[20:58:37] [Netty NIO IO #1/DEBUG] (FabricLoader/Mixin) Mixing ServerHandshakePacketListenerImplMixin from fabric-networking-api-v1.mixins.json into net.minecraft.server.network.ServerHandshakePacketListenerImpl
[20:58:37] [Netty NIO IO #1/DEBUG] (FabricLoader/Mixin) Mixing ServerboundCustomQueryAnswerPacketMixin from fabric-networking-api-v1.mixins.json into net.minecraft.network.protocol.login.ServerboundCustomQueryAnswerPacket
[20:58:37] [Netty NIO IO #1/DEBUG] (FabricLoader/Mixin) fabric-networking-api-v1.mixins.json:ServerboundCustomQueryAnswerPacketMixin from mod fabric-networking-api-v1->@Inject::readResponse(ILnet/minecraft/network/FriendlyByteBuf;Lorg/spongepowered/asm/mixin/injection/callback/CallbackInfoReturnable;)V does use it's CallbackInfoReturnable
[20:58:37] [Netty NIO IO #1/DEBUG] (FabricLoader/Mixin) Mixing ClientboundCustomQueryPacketMixin from fabric-networking-api-v1.mixins.json into net.minecraft.network.protocol.login.ClientboundCustomQueryPacket
[20:58:37] [Netty NIO IO #1/DEBUG] (FabricLoader/Mixin) fabric-networking-api-v1.mixins.json:ClientboundCustomQueryPacketMixin from mod fabric-networking-api-v1->@Inject::readPayload(Lnet/minecraft/resources/Identifier;Lnet/minecraft/network/FriendlyByteBuf;Lorg/spongepowered/asm/mixin/injection/callback/CallbackInfoReturnable;)V does use it's CallbackInfoReturnable
[20:58:37] [Netty NIO IO #1/DEBUG] (FabricLoader/Mixin) Mixing ServerLoginPacketListenerImplMixin from fabric-networking-api-v1.mixins.json into net.minecraft.server.network.ServerLoginPacketListenerImpl
[20:58:37] [Netty NIO IO #1/DEBUG] (FabricLoader/Mixin) Mixing accessor.ServerLoginPacketListenerImplAccessor from fabric-networking-api-v1.mixins.json into net.minecraft.server.network.ServerLoginPacketListenerImpl
[20:58:37] [Netty NIO IO #1/DEBUG] (FabricLoader/Mixin) fabric-networking-api-v1.mixins.json:ServerLoginPacketListenerImplMixin from mod fabric-networking-api-v1->@Inject::initAddon(Lnet/minecraft/server/MinecraftServer;Lnet/minecraft/network/Connection;ZLorg/spongepowered/asm/mixin/injection/callback/CallbackInfo;)V doesn't use it's CallbackInfo
[20:58:37] [Netty NIO IO #1/DEBUG] (FabricLoader/Mixin) fabric-networking-api-v1.mixins.json:ServerLoginPacketListenerImplMixin from mod fabric-networking-api-v1->@Inject::initAddon(Lnet/minecraft/server/MinecraftServer;Lnet/minecraft/network/Connection;ZLorg/spongepowered/asm/mixin/injection/callback/CallbackInfo;)V has 0 override(s) in child classes
[20:58:37] [Netty NIO IO #1/DEBUG] (FabricLoader/Mixin) fabric-networking-api-v1.mixins.json:ServerLoginPacketListenerImplMixin from mod fabric-networking-api-v1->@Inject::initAddon(Lnet/minecraft/server/MinecraftServer;Lnet/minecraft/network/Connection;ZLorg/spongepowered/asm/mixin/injection/callback/CallbackInfo;)V won't be passed a CallbackInfo as a result
[20:58:37] [Netty NIO IO #1/DEBUG] (FabricLoader/Mixin) fabric-networking-api-v1.mixins.json:ServerLoginPacketListenerImplMixin from mod fabric-networking-api-v1->@Inject::handleCustomPayloadReceivedAsync(Lnet/minecraft/network/protocol/login/ServerboundCustomQueryAnswerPacket;Lorg/spongepowered/asm/mixin/injection/callback/CallbackInfo;)V does use it's CallbackInfo
[20:58:37] [Netty NIO IO #1/DEBUG] (FabricLoader/Mixin) fabric-networking-api-v1.mixins.json:ServerLoginPacketListenerImplMixin from mod fabric-networking-api-v1->@Inject::storeGameProfileContext(Lcom/mojang/authlib/GameProfile;Lorg/spongepowered/asm/mixin/injection/callback/CallbackInfo;)V doesn't use it's CallbackInfo
[20:58:37] [Netty NIO IO #1/DEBUG] (FabricLoader/Mixin) fabric-networking-api-v1.mixins.json:ServerLoginPacketListenerImplMixin from mod fabric-networking-api-v1->@Inject::storeGameProfileContext(Lcom/mojang/authlib/GameProfile;Lorg/spongepowered/asm/mixin/injection/callback/CallbackInfo;)V has 0 override(s) in child classes
[20:58:37] [Netty NIO IO #1/DEBUG] (FabricLoader/Mixin) fabric-networking-api-v1.mixins.json:ServerLoginPacketListenerImplMixin from mod fabric-networking-api-v1->@Inject::storeGameProfileContext(Lcom/mojang/authlib/GameProfile;Lorg/spongepowered/asm/mixin/injection/callback/CallbackInfo;)V won't be passed a CallbackInfo as a result
[20:58:37] [User Authenticator #1/DEBUG] (com.mojang.authlib.minecraft.client.MinecraftClient) Connecting to https://sessionserver.mojang.com/session/minecraft/hasJoined?serverId=5b70aeef5dbabab9a4468cae44c71797981af31&username=Trolleye
[20:58:37] [User Authenticator #1/INFO] (net.minecraft.server.network.ServerLoginPacketListenerImpl) UUID of player Trolleye is a018e7cf-0327-47d7-b362-0fc3ac54e799
[20:58:38] [Netty NIO IO #1/DEBUG] (FabricLoader/Mixin) Mixing ServerboundCustomPayloadPacketMixin from fabric-networking-api-v1.mixins.json into net.minecraft.network.protocol.common.ServerboundCustomPayloadPacket
[20:58:38] [Netty NIO IO #1/DEBUG] (FabricLoader/Mixin) Renaming synthetic method lambda$wrapCodec$0(Lnet/minecraft/network/FriendlyByteBuf;Lnet/minecraft/resources/Identifier;)Lnet/minecraft/network/protocol/common/custom/CustomPacketPayload$TypeAndCodec; to mdb6a30c$fabric-networking-api-v1$lambda$wrapCodec$0$0 in fabric-networking-api-v1.mixins.json:ServerboundCustomPayloadPacketMixin from mod fabric-networking-api-v1
[20:58:38] [Netty NIO IO #1/DEBUG] (FabricLoader/Mixin) Mixing ServerboundSelectKnownPacksMixin from fabric-resource-loader-v1.mixins.json into net.minecraft.network.protocol.configuration.ServerboundSelectKnownPacks
[20:58:38] [Netty NIO IO #1/DEBUG] (FabricLoader/Mixin) Mixing RegistrySynchronizationMixin from fabric-registry-sync-v0.mixins.json into net.minecraft.core.RegistrySynchronization
[20:58:38] [Netty NIO IO #1/DEBUG] (FabricLoader/Mixin) fabric-registry-sync-v0.mixins.json:RegistrySynchronizationMixin from mod fabric-registry-sync-v0->@Inject::filterNonSyncedEntries(Lnet/minecraft/core/RegistryAccess$RegistryEntry;Lorg/spongepowered/asm/mixin/injection/callback/CallbackInfoReturnable;)V does use it's CallbackInfoReturnable
[20:58:38] [Netty NIO IO #1/DEBUG] (FabricLoader/Mixin) fabric-registry-sync-v0.mixins.json:RegistrySynchronizationMixin from mod fabric-registry-sync-v0->@Inject::filterNonSyncedEntriesAgain(Ljava/util/Set;Lnet/minecraft/resources/RegistryDataLoader$RegistryData;Lcom/mojang/serialization/DynamicOps;Ljava/util/function/BiConsumer;Lnet/minecraft/core/Registry;Lorg/spongepowered/asm/mixin/injection/callback/CallbackInfo;)V does use it's CallbackInfo
[20:58:38] [Netty NIO IO #1/DEBUG] (FabricLoader/Mixin) Mixing BundlePacketMixin from fabric-networking-api-v1.mixins.json into net.minecraft.network.protocol.BundlePacket
[20:58:38] [Netty NIO IO #1/DEBUG] (ServerConfigurationNetworkAddon for Trolleye) Handling inbound packet from channel with name "minecraft:register"
[20:58:38] [Netty NIO IO #1/DEBUG] (FabricRegistrySync) Skipping un-modded registry: minecraft:command_argument_type
[20:58:38] [Netty NIO IO #1/DEBUG] (FabricRegistrySync) Not syncing registry: minecraft:decorated_pot_pattern
[20:58:38] [Netty NIO IO #1/DEBUG] (FabricRegistrySync) Skipping un-modded registry: minecraft:item
[20:58:38] [Netty NIO IO #1/DEBUG] (FabricRegistrySync) Skipping un-modded registry: minecraft:block_entity_type
[20:58:38] [Netty NIO IO #1/DEBUG] (FabricRegistrySync) Skipping un-modded registry: minecraft:custom_stat
[20:58:38] [Netty NIO IO #1/DEBUG] (FabricRegistrySync) Not syncing registry: minecraft:outgoing_rpc_methods
[20:58:38] [Netty NIO IO #1/DEBUG] (FabricRegistrySync) Not syncing registry: minecraft:spawn_condition_type
[20:58:38] [Netty NIO IO #1/DEBUG] (FabricRegistrySync) Skipping un-modded registry: minecraft:consume_effect_type
[20:58:38] [Netty NIO IO #1/DEBUG] (FabricRegistrySync) Not syncing registry: minecraft:worldgen/foliage_placer_type
[20:58:38] [Netty NIO IO #1/DEBUG] (FabricRegistrySync) Skipping un-modded registry: minecraft:number_format_type
[20:58:38] [Netty NIO IO #1/DEBUG] (FabricRegistrySync) Skipping un-modded registry: minecraft:stat_type
[20:58:38] [Netty NIO IO #1/DEBUG] (FabricRegistrySync) Not syncing registry: minecraft:worldgen/material_rule
[20:58:38] [Netty NIO IO #1/DEBUG] (FabricRegistrySync) Not syncing registry: minecraft:worldgen/structure_type
[20:58:38] [Netty NIO IO #1/DEBUG] (FabricRegistrySync) Skipping un-modded registry: minecraft:attribute
[20:58:38] [Netty NIO IO #1/DEBUG] (FabricRegistrySync) Skipping un-modded registry: minecraft:position_source_type
[20:58:38] [Netty NIO IO #1/DEBUG] (FabricRegistrySync) Not syncing registry: minecraft:height_provider_type
[20:58:38] [Netty NIO IO #1/DEBUG] (FabricRegistrySync) Skipping un-modded registry: minecraft:recipe_display
[20:58:38] [Netty NIO IO #1/DEBUG] (FabricRegistrySync) Not syncing registry: minecraft:test_environment_definition_type
[20:58:38] [Netty NIO IO #1/DEBUG] (FabricRegistrySync) Not syncing registry: minecraft:permission_check_type
[20:58:38] [Netty NIO IO #1/DEBUG] (FabricRegistrySync) Skipping un-modded registry: minecraft:data_component_type
[20:58:38] [Netty NIO IO #1/DEBUG] (FabricRegistrySync) Not syncing registry: minecraft:attribute_type
[20:58:38] [Netty NIO IO #1/DEBUG] (FabricRegistrySync) Not syncing registry: minecraft:rule_block_entity_modifier
[20:58:38] [Netty NIO IO #1/DEBUG] (FabricRegistrySync) Not syncing registry: minecraft:worldgen/density_function_type
[20:58:38] [Netty NIO IO #1/DEBUG] (FabricRegistrySync) Not syncing registry: minecraft:dialog_action_type
[20:58:38] [Netty NIO IO #1/DEBUG] (FabricRegistrySync) Skipping un-modded registry: minecraft:fluid
[20:58:38] [Netty NIO IO #1/DEBUG] (FabricRegistrySync) Not syncing registry: minecraft:loot_condition_type
[20:58:38] [Netty NIO IO #1/DEBUG] (FabricRegistrySync) Not syncing registry: minecraft:worldgen/structure_pool_element
[20:58:38] [Netty NIO IO #1/DEBUG] (FabricRegistrySync) Not syncing registry: minecraft:activity
[20:58:38] [Netty NIO IO #1/DEBUG] (FabricRegistrySync) Not syncing registry: minecraft:block_type
[20:58:38] [Netty NIO IO #1/DEBUG] (FabricRegistrySync) Not syncing registry: minecraft:recipe_serializer
[20:58:38] [Netty NIO IO #1/DEBUG] (FabricRegistrySync) Not syncing registry: minecraft:enchantment_provider_type
[20:58:38] [Netty NIO IO #1/DEBUG] (FabricRegistrySync) Not syncing registry: minecraft:test_function
[20:58:38] [Netty NIO IO #1/DEBUG] (FabricRegistrySync) Not syncing registry: minecraft:worldgen/feature_size_type
[20:58:38] [Netty NIO IO #1/DEBUG] (FabricRegistrySync) Skipping un-modded registry: minecraft:point_of_interest_type
[20:58:38] [Netty NIO IO #1/DEBUG] (FabricRegistrySync) Skipping un-modded registry: minecraft:mob_effect
[20:58:38] [Netty NIO IO #1/DEBUG] (FabricRegistrySync) Not syncing registry: minecraft:loot_pool_entry_type
[20:58:38] [Netty NIO IO #1/DEBUG] (FabricRegistrySync) Not syncing registry: minecraft:worldgen/block_state_provider_type
[20:58:38] [Netty NIO IO #1/DEBUG] (FabricRegistrySync) Not syncing registry: minecraft:worldgen/chunk_generator
[20:58:38] [Netty NIO IO #1/DEBUG] (FabricRegistrySync) Not syncing registry: minecraft:float_provider_type
[20:58:38] [Netty NIO IO #1/DEBUG] (FabricRegistrySync) Not syncing registry: minecraft:permission_type
[20:58:38] [Netty NIO IO #1/DEBUG] (FabricRegistrySync) Not syncing registry: minecraft:chunk_status
[20:58:38] [Netty NIO IO #1/DEBUG] (FabricRegistrySync) Not syncing registry: minecraft:loot_function_type
[20:58:38] [Netty NIO IO #1/DEBUG] (FabricRegistrySync) Not syncing registry: minecraft:worldgen/structure_processor
[20:58:38] [Netty NIO IO #1/DEBUG] (FabricRegistrySync) Not syncing registry: minecraft:enchantment_effect_component_type
[20:58:38] [Netty NIO IO #1/DEBUG] (FabricRegistrySync) Not syncing registry: minecraft:loot_score_provider_type
[20:58:38] [Netty NIO IO #1/DEBUG] (FabricRegistrySync) Not syncing registry: minecraft:input_control_type
[20:58:38] [Netty NIO IO #1/DEBUG] (FabricRegistrySync) Not syncing registry: minecraft:worldgen/tree_decorator_type
[20:58:38] [Netty NIO IO #1/DEBUG] (FabricRegistrySync) Not syncing registry: minecraft:worldgen/material_condition
[20:58:38] [Netty NIO IO #1/DEBUG] (FabricRegistrySync) Not syncing registry: minecraft:worldgen/pool_alias_binding
[20:58:38] [Netty NIO IO #1/DEBUG] (FabricRegistrySync) Not syncing registry: minecraft:environment_attribute
[20:58:38] [Netty NIO IO #1/DEBUG] (FabricRegistrySync) Skipping un-modded registry: minecraft:entity_type
[20:58:38] [Netty NIO IO #1/DEBUG] (FabricRegistrySync) Skipping un-modded registry: minecraft:recipe_book_category
[20:58:38] [Netty NIO IO #1/DEBUG] (FabricRegistrySync) Skipping un-modded registry: minecraft:villager_profession
[20:58:38] [Netty NIO IO #1/DEBUG] (FabricRegistrySync) Not syncing registry: minecraft:slot_source_type
[20:58:38] [Netty NIO IO #1/DEBUG] (FabricRegistrySync) Skipping un-modded registry: minecraft:potion
[20:58:38] [Netty NIO IO #1/DEBUG] (FabricRegistrySync) Not syncing registry: minecraft:enchantment_entity_effect_type
[20:58:38] [Netty NIO IO #1/DEBUG] (FabricRegistrySync) Not syncing registry: minecraft:recipe_type
[20:58:38] [Netty NIO IO #1/DEBUG] (FabricRegistrySync) Not syncing registry: minecraft:int_provider_type
[20:58:38] [Netty NIO IO #1/DEBUG] (FabricRegistrySync) Not syncing registry: minecraft:worldgen/feature
[20:58:38] [Netty NIO IO #1/DEBUG] (FabricRegistrySync) Not syncing registry: minecraft:enchantment_level_based_value_type
[20:58:38] [Netty NIO IO #1/DEBUG] (FabricRegistrySync) Not syncing registry: minecraft:incoming_rpc_methods
[20:58:38] [Netty NIO IO #1/DEBUG] (FabricRegistrySync) Not syncing registry: minecraft:pos_rule_test
[20:58:38] [Netty NIO IO #1/DEBUG] (FabricRegistrySync) Not syncing registry: minecraft:worldgen/structure_placement
[20:58:38] [Netty NIO IO #1/DEBUG] (FabricRegistrySync) Not syncing registry: minecraft:enchantment_value_effect_type
[20:58:38] [Netty NIO IO #1/DEBUG] (FabricRegistrySync) Not syncing registry: minecraft:loot_nbt_provider_type
[20:58:38] [Netty NIO IO #1/DEBUG] (FabricRegistrySync) Skipping un-modded registry: minecraft:data_component_predicate_type
[20:58:38] [Netty NIO IO #1/DEBUG] (FabricRegistrySync) Skipping un-modded registry: minecraft:menu
[20:58:38] [Netty NIO IO #1/DEBUG] (FabricRegistrySync) Not syncing registry: minecraft:worldgen/trunk_placer_type
[20:58:38] [Netty NIO IO #1/DEBUG] (FabricRegistrySync) Not syncing registry: minecraft:creative_mode_tab
[20:58:38] [Netty NIO IO #1/DEBUG] (FabricRegistrySync) Not syncing registry: minecraft:entity_sub_predicate_type
[20:58:38] [Netty NIO IO #1/DEBUG] (FabricRegistrySync) Not syncing registry: minecraft:enchantment_location_based_effect_type
[20:58:38] [Netty NIO IO #1/DEBUG] (FabricRegistrySync) Not syncing registry: minecraft:worldgen/placement_modifier_type
[20:58:38] [Netty NIO IO #1/DEBUG] (FabricRegistrySync) Not syncing registry: minecraft:worldgen/carver
[20:58:38] [Netty NIO IO #1/DEBUG] (FabricRegistrySync) Not syncing registry: minecraft:loot_number_provider_type
[20:58:38] [Netty NIO IO #1/DEBUG] (FabricRegistrySync) Skipping un-modded registry: minecraft:slot_display
[20:58:38] [Netty NIO IO #1/DEBUG] (FabricRegistrySync) Skipping un-modded registry: minecraft:debug_subscription
[20:58:38] [Netty NIO IO #1/DEBUG] (FabricRegistrySync) Not syncing registry: minecraft:ticket_type
[20:58:38] [Netty NIO IO #1/DEBUG] (FabricRegistrySync) Not syncing registry: minecraft:game_rule
[20:58:38] [Netty NIO IO #1/DEBUG] (FabricRegistrySync) Not syncing registry: minecraft:test_instance_type
[20:58:38] [Netty NIO IO #1/DEBUG] (FabricRegistrySync) Not syncing registry: minecraft:worldgen/structure_piece
[20:58:38] [Netty NIO IO #1/DEBUG] (FabricRegistrySync) Skipping un-modded registry: minecraft:sound_event
[20:58:38] [Netty NIO IO #1/DEBUG] (FabricRegistrySync) Skipping un-modded registry: minecraft:particle_type
[20:58:38] [Netty NIO IO #1/DEBUG] (FabricRegistrySync) Skipping un-modded registry: minecraft:game_event
[20:58:38] [Netty NIO IO #1/DEBUG] (FabricRegistrySync) Not syncing registry: minecraft:worldgen/biome_source
[20:58:38] [Netty NIO IO #1/DEBUG] (FabricRegistrySync) Not syncing registry: minecraft:worldgen/root_placer_type
[20:58:38] [Netty NIO IO #1/DEBUG] (FabricRegistrySync) Skipping un-modded registry: minecraft:villager_type
[20:58:38] [Netty NIO IO #1/DEBUG] (FabricRegistrySync) Not syncing registry: minecraft:dialog_body_type
[20:58:38] [Netty NIO IO #1/DEBUG] (FabricRegistrySync) Not syncing registry: minecraft:block_predicate_type
[20:58:38] [Netty NIO IO #1/DEBUG] (FabricRegistrySync) Skipping un-modded registry: minecraft:block
[20:58:38] [Netty NIO IO #1/DEBUG] (FabricRegistrySync) Not syncing registry: minecraft:trigger_type
[20:58:38] [Netty NIO IO #1/DEBUG] (FabricRegistrySync) Not syncing registry: minecraft:sensor_type
[20:58:38] [Netty NIO IO #1/DEBUG] (FabricRegistrySync) Not syncing registry: minecraft:rule_test
[20:58:38] [Netty NIO IO #1/DEBUG] (FabricRegistrySync) Skipping un-modded registry: minecraft:map_decoration_type
[20:58:38] [Netty NIO IO #1/DEBUG] (FabricRegistrySync) Not syncing registry: minecraft:memory_module_type
[20:58:38] [Netty NIO IO #1/DEBUG] (FabricRegistrySync) Not syncing registry: minecraft:dialog_type
[20:58:38] [Netty NIO IO #1/DEBUG] (FabricLoader/Mixin) Mixing SynchronizeRegistriesTaskMixin from fabric-resource-loader-v1.mixins.json into net.minecraft.server.network.config.SynchronizeRegistriesTask
[20:58:38] [Netty NIO IO #1/DEBUG] (FabricLoader/Mixin) fabric-resource-loader-v1.mixins.json:SynchronizeRegistriesTaskMixin from mod fabric-resource-loader-v1->@Inject::onSelectKnownPacks(Ljava/util/List;Ljava/util/function/Consumer;Lorg/spongepowered/asm/mixin/injection/callback/CallbackInfo;)V does use it's CallbackInfo
[20:58:38] [Netty NIO IO #1/DEBUG] (FabricLoader/Mixin) fabric-resource-loader-v1.mixins.json:SynchronizeRegistriesTaskMixin from mod fabric-resource-loader-v1->@Inject::syncRegistryAndTags(Ljava/util/function/Consumer;Ljava/util/Set;Lorg/spongepowered/asm/mixin/injection/callback/CallbackInfo;)V doesn't use it's CallbackInfo
[20:58:38] [Netty NIO IO #1/DEBUG] (FabricLoader/Mixin) fabric-resource-loader-v1.mixins.json:SynchronizeRegistriesTaskMixin from mod fabric-resource-loader-v1->@Inject::syncRegistryAndTags(Ljava/util/function/Consumer;Ljava/util/Set;Lorg/spongepowered/asm/mixin/injection/callback/CallbackInfo;)V has 0 override(s) in child classes
[20:58:38] [Netty NIO IO #1/DEBUG] (FabricLoader/Mixin) fabric-resource-loader-v1.mixins.json:SynchronizeRegistriesTaskMixin from mod fabric-resource-loader-v1->@Inject::syncRegistryAndTags(Ljava/util/function/Consumer;Ljava/util/Set;Lorg/spongepowered/asm/mixin/injection/callback/CallbackInfo;)V won't be passed a CallbackInfo as a result
[20:58:38] [Netty NIO IO #1/DEBUG] (FabricLoader/Mixin) fabric-resource-loader-v1.mixins.json:SynchronizeRegistriesTaskMixin from mod fabric-resource-loader-v1->@Inject::sendPacket(Ljava/util/function/Consumer;Lorg/spongepowered/asm/mixin/injection/callback/CallbackInfo;)V does use it's CallbackInfo
[20:58:38] [Netty NIO IO #1/DEBUG] (ServerConfigurationNetworkAddon for Trolleye) Handling inbound packet from channel with name "c:version"
[20:58:38] [Netty NIO IO #1/DEBUG] (ServerConfigurationNetworkAddon for Trolleye) Negotiated common packet version 1
[20:58:38] [Netty NIO IO #1/DEBUG] (ServerConfigurationNetworkAddon for Trolleye) Handling inbound packet from channel with name "c:register"
[20:58:38] [Netty NIO IO #1/DEBUG] (fabric-networking-api-v1) Received accepted channels from the client for play phase
[20:58:38] [Netty NIO IO #1/DEBUG] (ServerConfigurationNetworkAddon for Trolleye) Handling inbound packet from channel with name "fabric:accepted_attachments_v1"
[20:58:38] [Netty NIO IO #1/DEBUG] (ServerConfigurationNetworkAddon for Trolleye) Handling inbound packet from channel with name "fabric:custom_ingredient_sync"
[20:58:38] [Server thread/DEBUG] (SynchronizeRegistriesTaskMixin) Synchronizing registries with common known packs: [vanilla:fabric-convention-tags-v2:4.6.1+4f11f7994c, minecraft:core:26.1.2]
[20:58:38] [Server thread/DEBUG] (FabricLoader/Mixin) Mixing ValueInputMixin from fabric-serialization-api-v1.mixins.json into net.minecraft.world.level.storage.ValueInput
[20:58:38] [Server thread/DEBUG] (FabricLoader/Mixin) Mixing TagValueInputMixin from fabric-serialization-api-v1.mixins.json into net.minecraft.world.level.storage.TagValueInput
[20:58:38] [Worker-Main-9/DEBUG] (FabricLoader/Mixin) Mixing SerializableChunkDataMixin from fabric-data-attachment-api-v1.mixins.json into net.minecraft.world.level.chunk.storage.SerializableChunkData
[20:58:38] [Worker-Main-9/DEBUG] (FabricLoader/Mixin) Renaming @Unique field LOGGERLorg/slf4j/Logger; to fdb6a30c$fabric-data-attachment-api-v1$LOGGER$0 in fabric-data-attachment-api-v1.mixins.json:SerializableChunkDataMixin from mod fabric-data-attachment-api-v1
[20:58:38] [Worker-Main-9/DEBUG] (FabricLoader/Mixin) Mixing SerializableChunkDataMixin from fabric-registry-sync-v0.mixins.json into net.minecraft.world.level.chunk.storage.SerializableChunkData
[20:58:38] [Worker-Main-9/DEBUG] (FabricLoader/Mixin) fabric-data-attachment-api-v1.mixins.json:SerializableChunkDataMixin from mod fabric-data-attachment-api-v1->@Inject::storeAttachmentNbtData(Lnet/minecraft/world/level/LevelHeightAccessor;Lnet/minecraft/world/level/chunk/PalettedContainerFactory;Lnet/minecraft/nbt/CompoundTag;Lorg/spongepowered/asm/mixin/injection/callback/CallbackInfoReturnable;)V does use it's CallbackInfoReturnable
[20:58:38] [Worker-Main-9/DEBUG] (FabricLoader/Mixin) fabric-data-attachment-api-v1.mixins.json:SerializableChunkDataMixin from mod fabric-data-attachment-api-v1->@Inject::storeAttachmentNbtData(Lnet/minecraft/world/level/LevelHeightAccessor;Lnet/minecraft/world/level/chunk/PalettedContainerFactory;Lnet/minecraft/nbt/CompoundTag;Lorg/spongepowered/asm/mixin/injection/callback/CallbackInfoReturnable;)V does use it's CallbackInfoReturnable
[20:58:38] [Worker-Main-9/DEBUG] (FabricLoader/Mixin) fabric-data-attachment-api-v1.mixins.json:SerializableChunkDataMixin from mod fabric-data-attachment-api-v1->@Inject::setAttachmentDataInChunk(Lnet/minecraft/server/level/ServerLevel;Lnet/minecraft/world/entity/ai/village/poi/PoiManager;Lnet/minecraft/world/level/chunk/storage/RegionStorageInfo;Lnet/minecraft/world/level/ChunkPos;Lorg/spongepowered/asm/mixin/injection/callback/CallbackInfoReturnable;)V does use it's CallbackInfoReturnable
[20:58:38] [Worker-Main-9/DEBUG] (FabricLoader/Mixin) fabric-data-attachment-api-v1.mixins.json:SerializableChunkDataMixin from mod fabric-data-attachment-api-v1->@Inject::setAttachmentDataInChunk(Lnet/minecraft/server/level/ServerLevel;Lnet/minecraft/world/entity/ai/village/poi/PoiManager;Lnet/minecraft/world/level/chunk/storage/RegionStorageInfo;Lnet/minecraft/world/level/ChunkPos;Lorg/spongepowered/asm/mixin/injection/callback/CallbackInfoReturnable;)V does use it's CallbackInfoReturnable
[20:58:38] [Worker-Main-9/DEBUG] (FabricLoader/Mixin) fabric-data-attachment-api-v1.mixins.json:SerializableChunkDataMixin from mod fabric-data-attachment-api-v1->@Inject::storeAttachmentNbtData(Lnet/minecraft/server/level/ServerLevel;Lnet/minecraft/world/level/chunk/ChunkAccess;Lorg/spongepowered/asm/mixin/injection/callback/CallbackInfoReturnable;)V does use it's CallbackInfoReturnable
[20:58:38] [Worker-Main-9/DEBUG] (FabricLoader/Mixin) fabric-data-attachment-api-v1.mixins.json:SerializableChunkDataMixin from mod fabric-data-attachment-api-v1->@Inject::writeChunkAttachments(Lorg/spongepowered/asm/mixin/injection/callback/CallbackInfoReturnable;)V does use it's CallbackInfoReturnable
[20:58:38] [Worker-Main-9/DEBUG] (FabricLoader/Mixin) Mixing ImposterProtoChunkMixin from fabric-data-attachment-api-v1.mixins.json into net.minecraft.world.level.chunk.ImposterProtoChunk
[20:58:38] [Worker-Main-9/DEBUG] (FabricLoader/Mixin) Mixing LevelChunkSectionMixin from fabric-block-api-v1.mixins.json into net.minecraft.world.level.chunk.LevelChunkSection
[20:58:38] [Worker-Main-9/DEBUG] (FabricLoader/Mixin) Mixing ChunkSectionBlockStateCounterMixin from fabric-block-api-v1.mixins.json into net.minecraft.world.level.chunk.LevelChunkSection$1BlockCounter
[20:58:38] [Server thread/DEBUG] (FabricLoader/Mixin) Mixing WalkNodeEvaluatorMixin from fabric-content-registries-v0.mixins.json into net.minecraft.world.level.pathfinder.WalkNodeEvaluator
[20:58:38] [Server thread/DEBUG] (FabricLoader/Mixin) fabric-content-registries-v0.mixins.json:WalkNodeEvaluatorMixin from mod fabric-content-registries-v0->@Inject::getCommonNodeType(Lnet/minecraft/world/level/BlockGetter;Lnet/minecraft/core/BlockPos;Lorg/spongepowered/asm/mixin/injection/callback/CallbackInfoReturnable;)V does use it's CallbackInfoReturnable
[20:58:38] [Server thread/DEBUG] (FabricLoader/Mixin) Mixing accessor.EntityTrackerAccessor from fabric-networking-api-v1.mixins.json into net.minecraft.server.level.ChunkMap$TrackedEntity
[20:58:38] [Server thread/DEBUG] (FabricLoader/Mixin) Mixing ServerEntityMixin from fabric-networking-api-v1.mixins.json into net.minecraft.server.level.ServerEntity
[20:58:38] [Server thread/DEBUG] (FabricLoader/Mixin) fabric-networking-api-v1.mixins.json:ServerEntityMixin from mod fabric-networking-api-v1->@Inject::onStartTracking(Lnet/minecraft/server/level/ServerPlayer;Lorg/spongepowered/asm/mixin/injection/callback/CallbackInfo;)V doesn't use it's CallbackInfo
[20:58:38] [Server thread/DEBUG] (FabricLoader/Mixin) fabric-networking-api-v1.mixins.json:ServerEntityMixin from mod fabric-networking-api-v1->@Inject::onStartTracking(Lnet/minecraft/server/level/ServerPlayer;Lorg/spongepowered/asm/mixin/injection/callback/CallbackInfo;)V has 0 override(s) in child classes
[20:58:38] [Server thread/DEBUG] (FabricLoader/Mixin) fabric-networking-api-v1.mixins.json:ServerEntityMixin from mod fabric-networking-api-v1->@Inject::onStartTracking(Lnet/minecraft/server/level/ServerPlayer;Lorg/spongepowered/asm/mixin/injection/callback/CallbackInfo;)V won't be passed a CallbackInfo as a result
[20:58:38] [Server thread/DEBUG] (FabricLoader/Mixin) fabric-networking-api-v1.mixins.json:ServerEntityMixin from mod fabric-networking-api-v1->@Inject::onStopTracking(Lnet/minecraft/server/level/ServerPlayer;Lorg/spongepowered/asm/mixin/injection/callback/CallbackInfo;)V doesn't use it's CallbackInfo
[20:58:38] [Server thread/DEBUG] (FabricLoader/Mixin) fabric-networking-api-v1.mixins.json:ServerEntityMixin from mod fabric-networking-api-v1->@Inject::onStopTracking(Lnet/minecraft/server/level/ServerPlayer;Lorg/spongepowered/asm/mixin/injection/callback/CallbackInfo;)V has 0 override(s) in child classes
[20:58:38] [Server thread/DEBUG] (FabricLoader/Mixin) fabric-networking-api-v1.mixins.json:ServerEntityMixin from mod fabric-networking-api-v1->@Inject::onStopTracking(Lnet/minecraft/server/level/ServerPlayer;Lorg/spongepowered/asm/mixin/injection/callback/CallbackInfo;)V won't be passed a CallbackInfo as a result
[20:58:38] [Server thread/DEBUG] (FabricLoader/Mixin) Mixing PlayerAdvancementsMixin from fabric-events-interaction-v0.mixins.json into net.minecraft.server.PlayerAdvancements
[20:58:38] [Server thread/DEBUG] (FabricLoader/Mixin) fabric-events-interaction-v0.mixins.json:PlayerAdvancementsMixin from mod fabric-events-interaction-v0->@Inject::preventOwnerOverride(Lnet/minecraft/server/level/ServerPlayer;Lorg/spongepowered/asm/mixin/injection/callback/CallbackInfo;)V does use it's CallbackInfo
[20:58:38] [Server thread/DEBUG] (FabricLoader/Mixin) fabric-events-interaction-v0.mixins.json:PlayerAdvancementsMixin from mod fabric-events-interaction-v0->@Inject::preventGrantCriterion(Lnet/minecraft/advancements/AdvancementHolder;Ljava/lang/String;Lorg/spongepowered/asm/mixin/injection/callback/CallbackInfoReturnable;)V does use it's CallbackInfoReturnable
[20:58:38] [Server thread/INFO] (net.minecraft.server.players.PlayerList) Trolleye[/127.0.0.1:59510] logged in with entity id 93 at (14.932351862628503, 70.0, 42.46313617559525)
[20:58:38] [Server thread/DEBUG] (FabricLoader/Mixin) Mixing ServerGamePacketListenerImplMixin from fabric-networking-api-v1.mixins.json into net.minecraft.server.network.ServerGamePacketListenerImpl
[20:58:38] [Server thread/DEBUG] (FabricLoader/Mixin) Mixing ServerGamePacketListenerImplMixin from fabric-events-interaction-v0.mixins.json into net.minecraft.server.network.ServerGamePacketListenerImpl
[20:58:38] [Server thread/DEBUG] (FabricLoader/Mixin) fabric-networking-api-v1.mixins.json:ServerGamePacketListenerImplMixin from mod fabric-networking-api-v1->@Inject::initAddon(Lorg/spongepowered/asm/mixin/injection/callback/CallbackInfo;)V doesn't use it's CallbackInfo
[20:58:38] [Server thread/DEBUG] (FabricLoader/Mixin) fabric-networking-api-v1.mixins.json:ServerGamePacketListenerImplMixin from mod fabric-networking-api-v1->@Inject::initAddon(Lorg/spongepowered/asm/mixin/injection/callback/CallbackInfo;)V has 0 override(s) in child classes
[20:58:38] [Server thread/DEBUG] (FabricLoader/Mixin) fabric-networking-api-v1.mixins.json:ServerGamePacketListenerImplMixin from mod fabric-networking-api-v1->@Inject::initAddon(Lorg/spongepowered/asm/mixin/injection/callback/CallbackInfo;)V won't be passed a CallbackInfo as a result
[20:58:38] [Server thread/DEBUG] (FabricLoader/Mixin) fabric-networking-api-v1.mixins.json:ServerGamePacketListenerImplMixin from mod fabric-networking-api-v1->@Inject::handleCustomPayloadReceivedAsync(Lnet/minecraft/network/protocol/common/ServerboundCustomPayloadPacket;Lorg/spongepowered/asm/mixin/injection/callback/CallbackInfo;)V does use it's CallbackInfo
[20:58:38] [Server thread/DEBUG] (FabricLoader/Mixin) fabric-events-interaction-v0.mixins.json:ServerGamePacketListenerImplMixin from mod fabric-events-interaction-v0->@Inject::handleInteract(Lnet/minecraft/network/protocol/game/ServerboundInteractPacket;Lorg/spongepowered/asm/mixin/injection/callback/CallbackInfo;)V does use it's CallbackInfo
[20:58:38] [Server thread/DEBUG] (FabricLoader/Mixin) Mixing PlayerChunkSenderMixin from fabric-data-attachment-api-v1.mixins.json into net.minecraft.server.network.PlayerChunkSender
[20:58:38] [Server thread/INFO] (net.minecraft.server.MinecraftServer) Trolleye joined the game
[20:58:38] [Server thread/DEBUG] (FabricLoader/Mixin) Mixing EnchantmentHelperMixin from fabric-item-api-v1.mixins.json into net.minecraft.world.item.enchantment.EnchantmentHelper
[20:58:38] [Server thread/DEBUG] (FabricLoader/Mixin) Mixing PathfindingContextMixin from fabric-content-registries-v0.mixins.json into net.minecraft.world.level.pathfinder.PathfindingContext
[20:58:38] [Server thread/DEBUG] (FabricLoader/Mixin) fabric-content-registries-v0.mixins.json:PathfindingContextMixin from mod fabric-content-registries-v0->@Inject::onGetNodeType(IIILorg/spongepowered/asm/mixin/injection/callback/CallbackInfoReturnable;)V does use it's CallbackInfoReturnable
[20:58:39] [Netty NIO IO #1/DEBUG] (ServerPlayNetworkAddon for literal{Trolleye}[style={clickEvent=SuggestCommand[command=/tell Trolleye ],hoverEvent=ShowEntity[entity=net.minecraft.network.chat.HoverEvent$EntityTooltipInfo@6f272601],insertion=Trolleye}]) Handling inbound packet from channel with name "jade:client_handshake"
[20:58:39] [Netty NIO IO #1/DEBUG] (ServerPlayNetworkAddon for literal{Trolleye}[style={clickEvent=SuggestCommand[command=/tell Trolleye ],hoverEvent=ShowEntity[entity=net.minecraft.network.chat.HoverEvent$EntityTooltipInfo@6f272601],insertion=Trolleye}]) Handling inbound packet from channel with name "minecraft:register"
[20:58:39] [Netty NIO IO #1/DEBUG] (ServerPlayNetworkAddon for literal{Trolleye}[style={clickEvent=SuggestCommand[command=/tell Trolleye ],hoverEvent=ShowEntity[entity=net.minecraft.network.chat.HoverEvent$EntityTooltipInfo@6f272601],insertion=Trolleye}]) Handling inbound packet from channel with name "distant_horizons:msg"
[20:58:39] [Server thread/DEBUG] (FabricLoader/Mixin) Mixing TagValueOutputMixin from fabric-serialization-api-v1.mixins.json into net.minecraft.world.level.storage.TagValueOutput
[20:58:43] [Server thread/DEBUG] (FabricLoader/Mixin) Mixing effect.ContextChainAccessor from fabric-entity-events-v1.mixins.json into com.mojang.brigadier.context.ContextChain
[20:58:43] [Server thread/DEBUG] (FabricLoader/Mixin) Mixing effect.ContextChainMixin from fabric-entity-events-v1.mixins.json into com.mojang.brigadier.context.ContextChain
[20:58:43] [Server thread/DEBUG] (FabricLoader/Mixin) Mixing effect.CommandQueueEntryMixin from fabric-entity-events-v1.mixins.json into net.minecraft.commands.execution.CommandQueueEntry
[20:58:43] [Server thread/DEBUG] (FabricLoader/Mixin) Mixing effect.BuildContextsAccessor from fabric-entity-events-v1.mixins.json into net.minecraft.commands.execution.tasks.BuildContexts
[20:59:11] [Server thread/INFO] (net.minecraft.server.network.ServerGamePacketListenerImpl) Trolleye lost connection: Disconnected
[20:59:11] [Server thread/INFO] (net.minecraft.server.MinecraftServer) Trolleye left the game
